S.No,District,Market,Commodity,Variety,Grade,Min Price,Max Price,Model Price,Date,State
1,Delhi,Azadpur,Apple,American,Large,1143,7143,4330,14 Feb 2025,NCT of Delhi
2,Delhi,Azadpur,Apple,American,Large,1143,7143,4330,15 Feb 2025,NCT of Delhi
3,Delhi,Azadpur,Apple,American,Large,1143,7143,4330,17 Feb 2025,NCT of Delhi
4,Delhi,Azadpur,Apple,American,Large,1143,7143,4330,18 Feb 2025,NCT of Delhi
5,Delhi,Azadpur,Apple,American,Large,1143,7143,4330,19 Feb 2025,NCT of Delhi
6,Delhi,Azadpur,Apple,American,Large,1143,7143,4330,20 Feb 2025,NCT of Delhi
7,Delhi,Azadpur,Apple,Royal Delicious,Large,6000,14000,10250,14 Feb 2025,NCT of Delhi
8,Delhi,Azadpur,Apple,Royal Delicious,Large,6000,14000,10250,15 Feb 2025,NCT of Delhi
9,Delhi,Azadpur,Apple,Royal Delicious,Large,6000,14000,10250,17 Feb 2025,NCT of Delhi
10,Delhi,Azadpur,Apple,Royal Delicious,Large,6000,14000,10250,18 Feb 2025,NCT of Delhi
11,Delhi,Azadpur,Apple,Royal Delicious,Large,6000,14000,10250,19 Feb 2025,NCT of Delhi
12,Delhi,Azadpur,Apple,Royal Delicious,Large,6000,14000,10250,20 Feb 2025,NCT of Delhi
1,Bangalore,"Binny Mill (F&V), Bangalore",Apple,Apple,Large,8000,14000,12000,17 Feb 2025,Karnataka
2,Bangalore,"Binny Mill (F&V), Bangalore",Apple,Apple,Large,10000,14000,12000,20 Feb 2025,Karnataka
3,Bangalore,"Binny Mill (F&V), Bangalore",Apple,Apple,Large,10000,15000,13000,14 Feb 2025,Karnataka
4,Bangalore,"Binny Mill (F&V), Bangalore",Apple,Apple,Large,10000,15000,13000,18 Feb 2025,Karnataka
5,Bangalore,"Binny Mill (F&V), Bangalore",Apple,Apple,Large,10000,16000,12000,15 Feb 2025,Karnataka
6,Bangalore,"Binny Mill (F&V), Bangalore",Apple,Apple,Large,10000,16000,14000,19 Feb 2025,Karnataka
1,Auraiya,Achalda,Apple,Delicious,Medium,7500,7700,7600,14 Feb 2025,Uttar Pradesh
2,Auraiya,Achalda,Apple,Delicious,Medium,7500,7700,7600,15 Feb 2025,Uttar Pradesh
3,Auraiya,Achalda,Apple,Delicious,Medium,7500,7700,7600,17 Feb 2025,Uttar Pradesh
4,Auraiya,Achalda,Apple,Delicious,Medium,7700,7900,7800,18 Feb 2025,Uttar Pradesh
5,Auraiya,Achalda,Apple,Delicious,Medium,7700,7900,7810,20 Feb 2025,Uttar Pradesh
6,Auraiya,Achalda,Apple,Delicious,Medium,7720,7850,7800,19 Feb 2025,Uttar Pradesh
7,Agra,Agra,Apple,Kasmir/Shimla - II,Medium,7800,8200,7950,17 Feb 2025,Uttar Pradesh
8,Agra,Agra,Apple,Kasmir/Shimla - II,Medium,7900,8500,8250,18 Feb 2025,Uttar Pradesh
9,Agra,Agra,Apple,Kasmir/Shimla - II,Medium,8000,8500,8260,19 Feb 2025,Uttar Pradesh
10,Agra,Agra,Apple,Kasmir/Shimla - II,Medium,8100,8550,8300,20 Feb 2025,Uttar Pradesh
11,Agra,Agra,Apple,Kasmir/Shimla - II,Medium,8200,8550,8340,15 Feb 2025,Uttar Pradesh
12,Agra,Agra,Apple,Kasmir/Shimla - II,Medium,8200,8600,8350,14 Feb 2025,Uttar Pradesh
13,Ambedkarnagar,Akbarpur,Apple,Delicious,Medium,7200,7450,7410,15 Feb 2025,Uttar Pradesh
14,Ambedkarnagar,Akbarpur,Apple,Delicious,Medium,7300,7550,7450,19 Feb 2025,Uttar Pradesh
15,Ambedkarnagar,Akbarpur,Apple,Delicious,Medium,7400,7450,7420,18 Feb 2025,Uttar Pradesh
16,Ambedkarnagar,Akbarpur,Apple,Delicious,Medium,7400,7500,7420,17 Feb 2025,Uttar Pradesh
17,Ambedkarnagar,Akbarpur,Apple,Delicious,Medium,7500,7700,7600,20 Feb 2025,Uttar Pradesh
18,Aligarh,Aligarh,Apple,Delicious,Medium,8240,8400,8340,19 Feb 2025,Uttar Pradesh
19,Aligarh,Aligarh,Apple,Delicious,Medium,8250,8400,8350,20 Feb 2025,Uttar Pradesh
20,Aligarh,Aligarh,Apple,Delicious,Medium,8250,8450,8350,18 Feb 2025,Uttar Pradesh
21,Aligarh,Aligarh,Apple,Delicious,Medium,8250,8450,8360,14 Feb 2025,Uttar Pradesh
22,Aligarh,Aligarh,Apple,Delicious,Medium,8300,8400,8350,15 Feb 2025,Uttar Pradesh
23,Aligarh,Aligarh,Apple,Delicious,Medium,8300,8400,8360,17 Feb 2025,Uttar Pradesh
24,Aligarh,Aligarh,Apple,Delicious,Medium,8300,8450,8370,16 Feb 2025,Uttar Pradesh
25,Prayagraj,Allahabad,Apple,Kasmir/Shimla - II,Medium,8100,8200,8170,14 Feb 2025,Uttar Pradesh
26,Prayagraj,Allahabad,Apple,Kasmir/Shimla - II,Medium,8250,8350,8270,20 Feb 2025,Uttar Pradesh
27,Amroha,Amroha,Apple,Delicious,Medium,7800,7900,7840,14 Feb 2025,Uttar Pradesh
28,Maharajganj,Anandnagar,Apple,Delicious,Medium,7000,8000,7500,14 Feb 2025,Uttar Pradesh
29,Maharajganj,Anandnagar,Apple,Delicious,Medium,7000,8000,7500,15 Feb 2025,Uttar Pradesh
30,Maharajganj,Anandnagar,Apple,Delicious,Medium,7000,8000,7500,17 Feb 2025,Uttar Pradesh
31,Maharajganj,Anandnagar,Apple,Delicious,Medium,7000,8000,7500,18 Feb 2025,Uttar Pradesh
32,Maharajganj,Anandnagar,Apple,Delicious,Medium,7200,8000,7600,20 Feb 2025,Uttar Pradesh
33,Maharajganj,Anandnagar,Apple,Delicious,Medium,7500,8500,8000,21 Feb 2025,Uttar Pradesh
34,Banda,Atarra,Apple,Kasmir/Shimla - II,Medium,8040,8190,8115,18 Feb 2025,Uttar Pradesh
35,Banda,Atarra,Apple,Kasmir/Shimla - II,Medium,8040,8240,8140,17 Feb 2025,Uttar Pradesh
36,Banda,Atarra,Apple,Kasmir/Shimla - II,Medium,8050,8200,8125,15 Feb 2025,Uttar Pradesh
37,Banda,Atarra,Apple,Kasmir/Shimla - II,Medium,8050,8250,8150,19 Feb 2025,Uttar Pradesh
38,Banda,Atarra,Apple,Kasmir/Shimla - II,Medium,8050,8250,8150,20 Feb 2025,Uttar Pradesh
39,Auraiya,Auraiya,Apple,Delicious,Medium,7400,7800,7600,14 Feb 2025,Uttar Pradesh
40,Auraiya,Auraiya,Apple,Delicious,Medium,7600,8000,7800,15 Feb 2025,Uttar Pradesh
41,Auraiya,Auraiya,Apple,Delicious,Medium,7600,8000,7800,17 Feb 2025,Uttar Pradesh
42,Auraiya,Auraiya,Apple,Delicious,Medium,7600,8000,7800,18 Feb 2025,Uttar Pradesh
43,Auraiya,Auraiya,Apple,Delicious,Medium,7600,8000,7810,19 Feb 2025,Uttar Pradesh
44,Auraiya,Auraiya,Apple,Delicious,Medium,7700,8100,7950,20 Feb 2025,Uttar Pradesh
45,Azamgarh,Azamgarh,Apple,Delicious,Medium,8100,8260,8180,14 Feb 2025,Uttar Pradesh
46,Azamgarh,Azamgarh,Apple,Delicious,Medium,8175,8325,8250,15 Feb 2025,Uttar Pradesh
47,Azamgarh,Azamgarh,Apple,Delicious,Medium,8200,8350,8275,17 Feb 2025,Uttar Pradesh
48,Azamgarh,Azamgarh,Apple,Delicious,Medium,8225,8375,8300,18 Feb 2025,Uttar Pradesh
49,Azamgarh,Azamgarh,Apple,Delicious,Medium,8225,8375,8300,20 Feb 2025,Uttar Pradesh
50,Azamgarh,Azamgarh,Apple,Delicious,Medium,8300,8440,8370,19 Feb 2025,Uttar Pradesh
51,Badaun,Badayoun,Apple,Delicious,Medium,7700,8000,7795,14 Feb 2025,Uttar Pradesh
52,Badaun,Badayoun,Apple,Delicious,Medium,7700,8000,7795,15 Feb 2025,Uttar Pradesh
53,Badaun,Badayoun,Apple,Delicious,Medium,7720,8000,7790,16 Feb 2025,Uttar Pradesh
54,Badaun,Badayoun,Apple,Delicious,Medium,7720,8000,7790,17 Feb 2025,Uttar Pradesh
55,Badaun,Badayoun,Apple,Delicious,Medium,7800,8080,7880,18 Feb 2025,Uttar Pradesh
56,Badaun,Badayoun,Apple,Delicious,Medium,7820,8080,7895,19 Feb 2025,Uttar Pradesh
57,Badaun,Badayoun,Apple,Delicious,Medium,7850,8100,7910,20 Feb 2025,Uttar Pradesh
58,Badaun,Badayoun,Apple,Delicious,Medium,7850,8100,7910,21 Feb 2025,Uttar Pradesh
59,Bareilly,Bahedi,Apple,Apple,Medium,4145,4220,4185,20 Feb 2025,Uttar Pradesh
60,Bareilly,Bahedi,Apple,Apple,Medium,4150,4210,4175,19 Feb 2025,Uttar Pradesh
61,Bareilly,Bahedi,Apple,Apple,Medium,4200,4250,4220,17 Feb 2025,Uttar Pradesh
62,Bareilly,Bahedi,Apple,Apple,Medium,4215,4270,4240,16 Feb 2025,Uttar Pradesh
63,Bareilly,Bahedi,Apple,Apple,Medium,4230,4275,4250,14 Feb 2025,Uttar Pradesh
64,Bareilly,Bahedi,Apple,Other,Medium,4215,4260,4235,15 Feb 2025,Uttar Pradesh
65,Bahraich,Bahraich,Apple,Kasmir/Shimla - II,Medium,8100,8500,8350,17 Feb 2025,Uttar Pradesh
66,Bahraich,Bahraich,Apple,Kasmir/Shimla - II,Medium,8200,8500,8350,14 Feb 2025,Uttar Pradesh
67,Bahraich,Bahraich,Apple,Kasmir/Shimla - II,Medium,8200,8500,8360,15 Feb 2025,Uttar Pradesh
68,Bahraich,Bahraich,Apple,Kasmir/Shimla - II,Medium,8200,8500,8360,18 Feb 2025,Uttar Pradesh
69,Bahraich,Bahraich,Apple,Kasmir/Shimla - II,Medium,8200,8600,8400,19 Feb 2025,Uttar Pradesh
70,Bahraich,Bahraich,Apple,Kasmir/Shimla - II,Medium,8250,8450,8360,16 Feb 2025,Uttar Pradesh
71,Ballia,Ballia,Apple,Delicious,Medium,8100,8260,8175,15 Feb 2025,Uttar Pradesh
72,Ballia,Ballia,Apple,Delicious,Medium,8100,8260,8180,14 Feb 2025,Uttar Pradesh
73,Ballia,Ballia,Apple,Delicious,Medium,8200,8360,8280,18 Feb 2025,Uttar Pradesh
74,Ballia,Ballia,Apple,Delicious,Medium,8200,8360,8290,19 Feb 2025,Uttar Pradesh
75,Ballia,Ballia,Apple,Delicious,Medium,8230,8290,8260,17 Feb 2025,Uttar Pradesh
76,Ballia,Ballia,Apple,Delicious,Medium,8260,8430,8350,20 Feb 2025,Uttar Pradesh
77,Balrampur,Balrampur,Apple,Delicious,Medium,8300,8500,8400,14 Feb 2025,Uttar Pradesh
78,Balrampur,Balrampur,Apple,Delicious,Medium,8300,8500,8400,15 Feb 2025,Uttar Pradesh
79,Balrampur,Balrampur,Apple,Delicious,Medium,8300,8500,8400,18 Feb 2025,Uttar Pradesh
80,Balrampur,Balrampur,Apple,Delicious,Medium,8300,8500,8400,19 Feb 2025,Uttar Pradesh
81,Balrampur,Balrampur,Apple,Delicious,Medium,8300,8540,8425,20 Feb 2025,Uttar Pradesh
82,Balrampur,Balrampur,Apple,Delicious,Medium,8400,8600,8500,16 Feb 2025,Uttar Pradesh
83,Balrampur,Balrampur,Apple,Delicious,Medium,8400,8600,8500,17 Feb 2025,Uttar Pradesh
84,Banda,Banda,Apple,Kasmir/Shimla - II,Medium,8100,8250,8160,14 Feb 2025,Uttar Pradesh
85,Banda,Banda,Apple,Kasmir/Shimla - II,Medium,8130,8270,8200,15 Feb 2025,Uttar Pradesh
86,Banda,Banda,Apple,Kasmir/Shimla - II,Medium,8150,8270,8200,19 Feb 2025,Uttar Pradesh
87,Banda,Banda,Apple,Kasmir/Shimla - II,Medium,8150,8300,8225,16 Feb 2025,Uttar Pradesh
88,Banda,Banda,Apple,Kasmir/Shimla - II,Medium,8150,8350,8250,17 Feb 2025,Uttar Pradesh
89,Banda,Banda,Apple,Kasmir/Shimla - II,Medium,8225,8370,8300,20 Feb 2025,Uttar Pradesh
90,Unnao,Bangarmau,Apple,Kasmir/Shimla - II,Medium,7800,7900,7850,14 Feb 2025,Uttar Pradesh
91,Unnao,Bangarmau,Apple,Kasmir/Shimla - II,Medium,7810,7910,7860,15 Feb 2025,Uttar Pradesh
92,Unnao,Bangarmau,Apple,Kasmir/Shimla - II,Medium,7820,7920,7870,16 Feb 2025,Uttar Pradesh
93,Unnao,Bangarmau,Apple,Kasmir/Shimla - II,Medium,7830,7930,7880,17 Feb 2025,Uttar Pradesh
94,Unnao,Bangarmau,Apple,Kasmir/Shimla - II,Medium,7850,7950,7900,18 Feb 2025,Uttar Pradesh
95,Unnao,Bangarmau,Apple,Kasmir/Shimla - II,Medium,7850,7950,7900,19 Feb 2025,Uttar Pradesh
96,Barabanki,Barabanki,Apple,Delicious,Medium,8050,8150,8100,18 Feb 2025,Uttar Pradesh
97,Barabanki,Barabanki,Apple,Delicious,Medium,8050,8150,8100,20 Feb 2025,Uttar Pradesh
98,Barabanki,Barabanki,Apple,Delicious,Medium,8050,8150,8110,19 Feb 2025,Uttar Pradesh
99,Barabanki,Barabanki,Apple,Delicious,Medium,8100,8200,8140,15 Feb 2025,Uttar Pradesh
100,Barabanki,Barabanki,Apple,Delicious,Medium,8100,8200,8150,14 Feb 2025,Uttar Pradesh
101,Barabanki,Barabanki,Apple,Delicious,Medium,8100,8200,8150,17 Feb 2025,Uttar Pradesh
102,Baghpat,Baraut,Apple,Kasmir/Shimla - II,Medium,7850,8050,7950,14 Feb 2025,Uttar Pradesh
103,Baghpat,Baraut,Apple,Kasmir/Shimla - II,Medium,7850,8050,7950,15 Feb 2025,Uttar Pradesh
104,Baghpat,Baraut,Apple,Kasmir/Shimla - II,Medium,7850,8050,7950,16 Feb 2025,Uttar Pradesh
105,Baghpat,Baraut,Apple,Kasmir/Shimla - II,Medium,7850,8050,7950,17 Feb 2025,Uttar Pradesh
106,Baghpat,Baraut,Apple,Kasmir/Shimla - II,Medium,7850,8050,7960,18 Feb 2025,Uttar Pradesh
107,Baghpat,Baraut,Apple,Kasmir/Shimla - II,Medium,7850,8050,7960,19 Feb 2025,Uttar Pradesh
108,Baghpat,Baraut,Apple,Kasmir/Shimla - II,Medium,7850,8050,7960,20 Feb 2025,Uttar Pradesh
109,Bareilly,Bareilly,Apple,Apple,Medium,7000,7100,7050,14 Feb 2025,Uttar Pradesh
110,Bareilly,Bareilly,Apple,Apple,Medium,7950,8050,8000,15 Feb 2025,Uttar Pradesh
111,Bareilly,Bareilly,Apple,Apple,Medium,7950,8050,8020,17 Feb 2025,Uttar Pradesh
112,Bareilly,Bareilly,Apple,Apple,Medium,8000,8050,8025,16 Feb 2025,Uttar Pradesh
113,Bareilly,Bareilly,Apple,Apple,Medium,8000,8050,8025,18 Feb 2025,Uttar Pradesh
114,Bareilly,Bareilly,Apple,Apple,Medium,8000,8050,8025,20 Feb 2025,Uttar Pradesh
115,Bareilly,Bareilly,Apple,Apple,Medium,8000,8100,8040,19 Feb 2025,Uttar Pradesh
116,Basti,Basti,Apple,Delicious,Medium,8050,8250,8150,20 Feb 2025,Uttar Pradesh
117,Basti,Basti,Apple,Delicious,Medium,8100,8300,8200,15 Feb 2025,Uttar Pradesh
118,Basti,Basti,Apple,Delicious,Medium,8130,8330,8230,18 Feb 2025,Uttar Pradesh
119,Basti,Basti,Apple,Delicious,Medium,8150,8350,8250,16 Feb 2025,Uttar Pradesh
120,Basti,Basti,Apple,Delicious,Medium,8175,8375,8275,17 Feb 2025,Uttar Pradesh
121,Basti,Basti,Apple,Delicious,Medium,8200,8400,8300,19 Feb 2025,Uttar Pradesh
122,Etawah,Bharthna,Apple,Delicious,Medium,7330,7730,7530,14 Feb 2025,Uttar Pradesh
123,Etawah,Bharthna,Apple,Delicious,Medium,7330,7730,7530,15 Feb 2025,Uttar Pradesh
124,Etawah,Bharthna,Apple,Delicious,Medium,7330,7730,7530,19 Feb 2025,Uttar Pradesh
125,Etawah,Bharthna,Apple,Delicious,Medium,7350,7750,7550,17 Feb 2025,Uttar Pradesh
126,Etawah,Bharthna,Apple,Delicious,Medium,7360,7760,7560,18 Feb 2025,Uttar Pradesh
127,Etawah,Bharthna,Apple,Delicious,Medium,7420,7820,7620,20 Feb 2025,Uttar Pradesh
128,Hamirpur,Bharuasumerpur,Apple,Kasmir/Shimla - II,Medium,7950,8300,8200,16 Feb 2025,Uttar Pradesh
129,Hamirpur,Bharuasumerpur,Apple,Kasmir/Shimla - II,Medium,8000,8250,8200,14 Feb 2025,Uttar Pradesh
130,Hamirpur,Bharuasumerpur,Apple,Kasmir/Shimla - II,Medium,8050,8200,8155,19 Feb 2025,Uttar Pradesh
131,Hamirpur,Bharuasumerpur,Apple,Kasmir/Shimla - II,Medium,8100,8300,8225,17 Feb 2025,Uttar Pradesh
132,Hamirpur,Bharuasumerpur,Apple,Kasmir/Shimla - II,Medium,8100,8300,8250,18 Feb 2025,Uttar Pradesh
133,Kaushambi,Bharwari,Apple,Golden,Medium,8140,8340,8250,20 Feb 2025,Uttar Pradesh
134,Shravasti,Bhinga,Apple,Kasmir/Shimla - II,Medium,8140,8600,8350,17 Feb 2025,Uttar Pradesh
135,Shravasti,Bhinga,Apple,Kasmir/Shimla - II,Medium,8150,8550,8375,18 Feb 2025,Uttar Pradesh
136,Shravasti,Bhinga,Apple,Kasmir/Shimla - II,Medium,8200,8625,8400,15 Feb 2025,Uttar Pradesh
137,Shravasti,Bhinga,Apple,Kasmir/Shimla - II,Medium,8200,8650,8400,14 Feb 2025,Uttar Pradesh
138,Shravasti,Bhinga,Apple,Kasmir/Shimla - II,Medium,8200,8650,8400,19 Feb 2025,Uttar Pradesh
139,Shravasti,Bhinga,Apple,Kasmir/Shimla - II,Medium,8200,8650,8400,20 Feb 2025,Uttar Pradesh
140,Fatehpur,Bindki,Apple,Delicious,Medium,8150,8300,8260,19 Feb 2025,Uttar Pradesh
141,Fatehpur,Bindki,Apple,Delicious,Medium,8170,8320,8230,18 Feb 2025,Uttar Pradesh
142,Fatehpur,Bindki,Apple,Delicious,Medium,8200,8300,8250,17 Feb 2025,Uttar Pradesh
143,Fatehpur,Bindki,Apple,Delicious,Medium,8200,8300,8260,14 Feb 2025,Uttar Pradesh
144,Fatehpur,Bindki,Apple,Delicious,Medium,8200,8340,8270,16 Feb 2025,Uttar Pradesh
145,Fatehpur,Bindki,Apple,Delicious,Medium,8200,8350,8280,20 Feb 2025,Uttar Pradesh
146,Bulandshahar,Buland Shahr,Apple,Delicious,Medium,7800,8050,7950,15 Feb 2025,Uttar Pradesh
147,Bulandshahar,Buland Shahr,Apple,Delicious,Medium,7800,8050,7960,17 Feb 2025,Uttar Pradesh
148,Bulandshahar,Buland Shahr,Apple,Delicious,Medium,7800,8050,7960,18 Feb 2025,Uttar Pradesh
149,Bulandshahar,Buland Shahr,Apple,Delicious,Medium,7800,8050,7965,19 Feb 2025,Uttar Pradesh
150,Bulandshahar,Buland Shahr,Apple,Delicious,Medium,7800,8100,7900,14 Feb 2025,Uttar Pradesh
151,Sambhal,Chandausi,Apple,Apple,Medium,7850,7900,7880,15 Feb 2025,Uttar Pradesh
152,Sambhal,Chandausi,Apple,Apple,Medium,7850,7900,7885,14 Feb 2025,Uttar Pradesh
153,Sambhal,Chandausi,Apple,Apple,Medium,7850,7950,7900,18 Feb 2025,Uttar Pradesh
154,Sambhal,Chandausi,Apple,Apple,Medium,7850,7950,7900,19 Feb 2025,Uttar Pradesh
155,Sambhal,Chandausi,Apple,Apple,Medium,7900,8000,7950,20 Feb 2025,Uttar Pradesh
156,Chandauli,Chandoli,Apple,Delicious,Medium,8185,8285,8235,14 Feb 2025,Uttar Pradesh
157,Chandauli,Chandoli,Apple,Delicious,Medium,8200,8300,8250,15 Feb 2025,Uttar Pradesh
158,Chandauli,Chandoli,Apple,Delicious,Medium,8325,8425,8375,17 Feb 2025,Uttar Pradesh
159,Chandauli,Chandoli,Apple,Delicious,Medium,8325,8425,8375,19 Feb 2025,Uttar Pradesh
160,Chandauli,Chandoli,Apple,Delicious,Medium,8330,8430,8380,18 Feb 2025,Uttar Pradesh
161,Chandauli,Chandoli,Apple,Delicious,Medium,8330,8430,8380,20 Feb 2025,Uttar Pradesh
162,Kannuj,Chhibramau,Apple,Delicious,Medium,7550,7750,7650,14 Feb 2025,Uttar Pradesh
163,Kannuj,Chhibramau,Apple,Delicious,Medium,7600,7800,7700,15 Feb 2025,Uttar Pradesh
164,Kannuj,Chhibramau,Apple,Delicious,Medium,7600,7800,7700,19 Feb 2025,Uttar Pradesh
165,Kannuj,Chhibramau,Apple,Delicious,Medium,7650,7850,7750,16 Feb 2025,Uttar Pradesh
166,Kannuj,Chhibramau,Apple,Delicious,Medium,7650,7850,7750,17 Feb 2025,Uttar Pradesh
167,Kannuj,Chhibramau,Apple,Delicious,Medium,7700,7900,7800,18 Feb 2025,Uttar Pradesh
168,Kanpur,Choubepur,Apple,Apple,Medium,7600,7800,7700,14 Feb 2025,Uttar Pradesh
169,Kanpur,Choubepur,Apple,Apple,Medium,7700,7900,7800,15 Feb 2025,Uttar Pradesh
170,Kanpur,Choubepur,Apple,Apple,Medium,7750,7950,7850,17 Feb 2025,Uttar Pradesh
171,Kanpur,Choubepur,Apple,Apple,Medium,7800,7950,7850,18 Feb 2025,Uttar Pradesh
172,Kanpur,Choubepur,Apple,Apple,Medium,7800,7950,7850,19 Feb 2025,Uttar Pradesh
173,Kanpur,Choubepur,Apple,Apple,Medium,7800,8000,7900,20 Feb 2025,Uttar Pradesh
174,Gautam Budh Nagar,Dadri,Apple,Kasmir/Shimla - II,Medium,7800,8050,7950,14 Feb 2025,Uttar Pradesh
175,Gautam Budh Nagar,Dadri,Apple,Kasmir/Shimla - II,Medium,7800,8100,7980,16 Feb 2025,Uttar Pradesh
176,Gautam Budh Nagar,Dadri,Apple,Kasmir/Shimla - II,Medium,7800,8150,7950,15 Feb 2025,Uttar Pradesh
177,Gautam Budh Nagar,Dadri,Apple,Kasmir/Shimla - II,Medium,7800,8150,7950,17 Feb 2025,Uttar Pradesh
178,Gautam Budh Nagar,Dadri,Apple,Kasmir/Shimla - II,Medium,7800,8150,7950,18 Feb 2025,Uttar Pradesh
179,Gautam Budh Nagar,Dadri,Apple,Kasmir/Shimla - II,Medium,7800,8150,7950,19 Feb 2025,Uttar Pradesh
180,Gautam Budh Nagar,Dadri,Apple,Kasmir/Shimla - II,Medium,7850,8150,7980,20 Feb 2025,Uttar Pradesh
181,Gautam Budh Nagar,Dankaur,Apple,Delicious,Medium,7610,7855,7705,15 Feb 2025,Uttar Pradesh
182,Gautam Budh Nagar,Dankaur,Apple,Delicious,Medium,7640,7890,7740,14 Feb 2025,Uttar Pradesh
183,Gautam Budh Nagar,Dankaur,Apple,Delicious,Medium,7800,8100,7900,19 Feb 2025,Uttar Pradesh
184,Gautam Budh Nagar,Dankaur,Apple,Delicious,Medium,7810,8125,7900,16 Feb 2025,Uttar Pradesh
185,Gautam Budh Nagar,Dankaur,Apple,Delicious,Medium,7815,8125,7900,18 Feb 2025,Uttar Pradesh
186,Gautam Budh Nagar,Dankaur,Apple,Delicious,Medium,7815,8155,7955,17 Feb 2025,Uttar Pradesh
187,Deoria,Devariya,Apple,Delicious,Medium,8170,8185,8180,14 Feb 2025,Uttar Pradesh
188,Deoria,Devariya,Apple,Delicious,Medium,8230,8250,8240,15 Feb 2025,Uttar Pradesh
189,Deoria,Devariya,Apple,Delicious,Medium,8340,8355,8345,18 Feb 2025,Uttar Pradesh
190,Deoria,Devariya,Apple,Delicious,Medium,8340,8355,8350,19 Feb 2025,Uttar Pradesh
191,Amroha,Dhanaura,Apple,Delicious,Medium,3000,3400,3200,19 Feb 2025,Uttar Pradesh
192,Amroha,Dhanaura,Apple,Delicious,Medium,3000,3500,3200,14 Feb 2025,Uttar Pradesh
193,Amroha,Dhanaura,Apple,Delicious,Medium,3000,3500,3200,15 Feb 2025,Uttar Pradesh
194,Amroha,Dhanaura,Apple,Delicious,Medium,3000,3500,3200,16 Feb 2025,Uttar Pradesh
195,Etah,Etah,Apple,Kasmir/Shimla - II,Medium,8000,9000,8160,16 Feb 2025,Uttar Pradesh
196,Etah,Etah,Apple,Kasmir/Shimla - II,Medium,8000,9000,8180,17 Feb 2025,Uttar Pradesh
197,Etah,Etah,Apple,Kasmir/Shimla - II,Medium,8000,9000,8180,18 Feb 2025,Uttar Pradesh
198,Etah,Etah,Apple,Kasmir/Shimla - II,Medium,8000,9000,8200,14 Feb 2025,Uttar Pradesh
199,Etah,Etah,Apple,Kasmir/Shimla - II,Medium,8000,9000,8200,15 Feb 2025,Uttar Pradesh
200,Etah,Etah,Apple,Kasmir/Shimla - II,Medium,8000,9000,8200,19 Feb 2025,Uttar Pradesh
201,Etah,Etah,Apple,Kasmir/Shimla - II,Medium,8000,9000,8200,20 Feb 2025,Uttar Pradesh
202,Etawah,Etawah,Apple,Delicious,Medium,7100,7750,7500,17 Feb 2025,Uttar Pradesh
203,Etawah,Etawah,Apple,Delicious,Medium,7150,7700,7550,14 Feb 2025,Uttar Pradesh
204,Etawah,Etawah,Apple,Delicious,Medium,7150,7750,7550,18 Feb 2025,Uttar Pradesh
205,Etawah,Etawah,Apple,Delicious,Medium,7150,7750,7550,19 Feb 2025,Uttar Pradesh
206,Etawah,Etawah,Apple,Delicious,Medium,7200,7800,7500,15 Feb 2025,Uttar Pradesh
207,Etawah,Etawah,Apple,Delicious,Medium,7200,7850,7600,20 Feb 2025,Uttar Pradesh
208,Ayodhya,Faizabad,Apple,Kasmir/Shimla - II,Medium,7260,7485,7400,15 Feb 2025,Uttar Pradesh
209,Ayodhya,Faizabad,Apple,Kasmir/Shimla - II,Medium,7320,7500,7400,17 Feb 2025,Uttar Pradesh
210,Ayodhya,Faizabad,Apple,Kasmir/Shimla - II,Medium,7350,7500,7400,14 Feb 2025,Uttar Pradesh
211,Ayodhya,Faizabad,Apple,Kasmir/Shimla - II,Medium,7350,7500,7400,18 Feb 2025,Uttar Pradesh
212,Ayodhya,Faizabad,Apple,Kasmir/Shimla - II,Medium,7370,7500,7410,19 Feb 2025,Uttar Pradesh
213,Ayodhya,Faizabad,Apple,Kasmir/Shimla - II,Medium,7400,7525,7450,20 Feb 2025,Uttar Pradesh
214,Farukhabad,Farukhabad,Apple,Delicious,Medium,7750,7950,7850,15 Feb 2025,Uttar Pradesh
215,Farukhabad,Farukhabad,Apple,Delicious,Medium,7800,8000,7900,14 Feb 2025,Uttar Pradesh
216,Farukhabad,Farukhabad,Apple,Delicious,Medium,7800,8000,7900,18 Feb 2025,Uttar Pradesh
217,Farukhabad,Farukhabad,Apple,Delicious,Medium,7800,8050,7950,19 Feb 2025,Uttar Pradesh
218,Farukhabad,Farukhabad,Apple,Delicious,Medium,7900,8100,8000,17 Feb 2025,Uttar Pradesh
219,Farukhabad,Farukhabad,Apple,Delicious,Medium,8000,8300,8150,20 Feb 2025,Uttar Pradesh
220,Fatehpur,Fatehpur,Apple,Delicious,Medium,8000,8400,8200,14 Feb 2025,Uttar Pradesh
221,Fatehpur,Fatehpur,Apple,Delicious,Medium,8000,8400,8200,15 Feb 2025,Uttar Pradesh
222,Fatehpur,Fatehpur,Apple,Delicious,Medium,8000,8400,8215,17 Feb 2025,Uttar Pradesh
223,Fatehpur,Fatehpur,Apple,Delicious,Medium,8100,8300,8210,16 Feb 2025,Uttar Pradesh
224,Fatehpur,Fatehpur,Apple,Delicious,Medium,8100,8400,8250,18 Feb 2025,Uttar Pradesh
225,Fatehpur,Fatehpur,Apple,Delicious,Medium,8100,8400,8260,19 Feb 2025,Uttar Pradesh
226,Agra,Fatehpur Sikri,Apple,Delicious,Medium,8150,8350,8250,14 Feb 2025,Uttar Pradesh
227,Agra,Fatehpur Sikri,Apple,Delicious,Medium,8150,8350,8250,18 Feb 2025,Uttar Pradesh
228,Agra,Fatehpur Sikri,Apple,Delicious,Medium,8160,8300,8230,15 Feb 2025,Uttar Pradesh
229,Agra,Fatehpur Sikri,Apple,Delicious,Medium,8200,8350,8280,19 Feb 2025,Uttar Pradesh
230,Firozabad,Firozabad,Apple,Delicious,Medium,8050,8300,8180,14 Feb 2025,Uttar Pradesh
231,Firozabad,Firozabad,Apple,Delicious,Medium,8160,8430,8300,17 Feb 2025,Uttar Pradesh
232,Firozabad,Firozabad,Apple,Delicious,Medium,8180,8470,8330,19 Feb 2025,Uttar Pradesh
233,Firozabad,Firozabad,Apple,Delicious,Medium,8180,8525,8360,16 Feb 2025,Uttar Pradesh
234,Firozabad,Firozabad,Apple,Delicious,Medium,8300,8575,8450,20 Feb 2025,Uttar Pradesh
235,Ghazipur,Gazipur,Apple,Delicious,Medium,5250,5350,5300,15 Feb 2025,Uttar Pradesh
236,Ghazipur,Gazipur,Apple,Delicious,Medium,8200,8400,8300,14 Feb 2025,Uttar Pradesh
237,Ghazipur,Gazipur,Apple,Delicious,Medium,8300,8380,8340,17 Feb 2025,Uttar Pradesh
238,Ghazipur,Gazipur,Apple,Delicious,Medium,8300,8400,8350,18 Feb 2025,Uttar Pradesh
239,Ghazipur,Gazipur,Apple,Delicious,Medium,8300,8400,8350,19 Feb 2025,Uttar Pradesh
240,Ghazipur,Gazipur,Apple,Delicious,Medium,8300,8400,8350,20 Feb 2025,Uttar Pradesh
241,Ghaziabad,Ghaziabad,Apple,Kasmir/Shimla - II,Medium,7950,8050,8000,14 Feb 2025,Uttar Pradesh
242,Ghaziabad,Ghaziabad,Apple,Kasmir/Shimla - II,Medium,7950,8050,8000,15 Feb 2025,Uttar Pradesh
243,Ghaziabad,Ghaziabad,Apple,Kasmir/Shimla - II,Medium,7950,8050,8000,16 Feb 2025,Uttar Pradesh
244,Ghaziabad,Ghaziabad,Apple,Kasmir/Shimla - II,Medium,7950,8050,8000,17 Feb 2025,Uttar Pradesh
245,Ghaziabad,Ghaziabad,Apple,Kasmir/Shimla - II,Medium,7950,8050,8000,18 Feb 2025,Uttar Pradesh
246,Ghaziabad,Ghaziabad,Apple,Kasmir/Shimla - II,Medium,7950,8050,8000,19 Feb 2025,Uttar Pradesh
247,Mainpuri,Ghiraur,Apple,Delicious,Medium,8140,8340,8240,14 Feb 2025,Uttar Pradesh
248,Mainpuri,Ghiraur,Apple,Delicious,Medium,8150,8350,8250,19 Feb 2025,Uttar Pradesh
249,Mainpuri,Ghiraur,Apple,Delicious,Medium,8155,8355,8255,20 Feb 2025,Uttar Pradesh
250,Mainpuri,Ghiraur,Apple,Delicious,Medium,8195,8395,8295,16 Feb 2025,Uttar Pradesh
251,Mainpuri,Ghiraur,Apple,Delicious,Medium,8200,8400,8300,17 Feb 2025,Uttar Pradesh
252,Lakhimpur,Golagokarnath,Apple,Delicious,Large,7800,7900,7840,17 Feb 2025,Uttar Pradesh
253,Lakhimpur,Golagokarnath,Apple,Delicious,Medium,7760,7900,7830,18 Feb 2025,Uttar Pradesh
254,Lakhimpur,Golagokarnath,Apple,Delicious,Medium,7800,7900,7840,17 Feb 2025,Uttar Pradesh
255,Lakhimpur,Golagokarnath,Apple,Delicious,Medium,7800,7900,7840,19 Feb 2025,Uttar Pradesh
256,Lakhimpur,Golagokarnath,Apple,Delicious,Medium,7800,7900,7850,15 Feb 2025,Uttar Pradesh
257,Lakhimpur,Golagokarnath,Apple,Delicious,Medium,7800,7900,7850,20 Feb 2025,Uttar Pradesh
258,Lakhimpur,Golagokarnath,Apple,Delicious,Medium,7800,7900,7860,14 Feb 2025,Uttar Pradesh
259,Gonda,Gonda,Apple,Delicious,Medium,8100,8700,8300,16 Feb 2025,Uttar Pradesh
260,Gonda,Gonda,Apple,Delicious,Medium,8100,8700,8300,17 Feb 2025,Uttar Pradesh
261,Gonda,Gonda,Apple,Delicious,Medium,8200,8800,8400,20 Feb 2025,Uttar Pradesh
262,Gonda,Gonda,Apple,Delicious,Medium,8200,8800,8500,18 Feb 2025,Uttar Pradesh
263,Gonda,Gonda,Apple,Delicious,Medium,8300,8800,8500,14 Feb 2025,Uttar Pradesh
264,Gonda,Gonda,Apple,Delicious,Medium,8300,8800,8500,19 Feb 2025,Uttar Pradesh
265,Gonda,Gonda,Apple,Delicious,Medium,8450,8900,8600,15 Feb 2025,Uttar Pradesh
266,Bhadohi(Sant Ravi Nagar),Gopiganj,Apple,Delicious,Medium,8150,8250,8200,14 Feb 2025,Uttar Pradesh
267,Bhadohi(Sant Ravi Nagar),Gopiganj,Apple,Delicious,Medium,8170,8270,8220,15 Feb 2025,Uttar Pradesh
268,Bhadohi(Sant Ravi Nagar),Gopiganj,Apple,Delicious,Medium,8200,8260,8230,17 Feb 2025,Uttar Pradesh
269,Bhadohi(Sant Ravi Nagar),Gopiganj,Apple,Delicious,Medium,8200,8280,8240,16 Feb 2025,Uttar Pradesh
270,Bhadohi(Sant Ravi Nagar),Gopiganj,Apple,Delicious,Medium,8260,8360,8310,18 Feb 2025,Uttar Pradesh
271,Bhadohi(Sant Ravi Nagar),Gopiganj,Apple,Delicious,Medium,8270,8370,8320,19 Feb 2025,Uttar Pradesh
272,Bhadohi(Sant Ravi Nagar),Gopiganj,Apple,Delicious,Medium,8300,8380,8340,20 Feb 2025,Uttar Pradesh
273,Gorakhpur,Gorakhpur,Apple,Delicious,Medium,8100,8450,8250,15 Feb 2025,Uttar Pradesh
274,Gorakhpur,Gorakhpur,Apple,Delicious,Medium,8250,8350,8300,14 Feb 2025,Uttar Pradesh
275,Gorakhpur,Gorakhpur,Apple,Delicious,Medium,8250,8350,8300,17 Feb 2025,Uttar Pradesh
276,Gorakhpur,Gorakhpur,Apple,Delicious,Medium,8250,8350,8300,19 Feb 2025,Uttar Pradesh
277,Gorakhpur,Gorakhpur,Apple,Delicious,Medium,8300,8400,8350,18 Feb 2025,Uttar Pradesh
278,Gorakhpur,Gorakhpur,Apple,Delicious,Medium,8300,8400,8350,20 Feb 2025,Uttar Pradesh
279,Hathras,Haathras,Apple,Delicious,Medium,8050,8350,8200,17 Feb 2025,Uttar Pradesh
280,Hathras,Haathras,Apple,Delicious,Medium,8100,8300,8250,18 Feb 2025,Uttar Pradesh
281,Hathras,Haathras,Apple,Delicious,Medium,8100,8340,8220,19 Feb 2025,Uttar Pradesh
282,Hathras,Haathras,Apple,Delicious,Medium,8100,8360,8230,15 Feb 2025,Uttar Pradesh
283,Hathras,Haathras,Apple,Delicious,Medium,8100,8400,8250,14 Feb 2025,Uttar Pradesh
284,Ghaziabad,Hapur,Apple,Delicious,Medium,7900,8000,7950,14 Feb 2025,Uttar Pradesh
285,Ghaziabad,Hapur,Apple,Delicious,Medium,7900,8000,7950,16 Feb 2025,Uttar Pradesh
286,Ghaziabad,Hapur,Apple,Delicious,Medium,7900,8000,7950,18 Feb 2025,Uttar Pradesh
287,Ghaziabad,Hapur,Apple,Delicious,Medium,7900,8000,7950,19 Feb 2025,Uttar Pradesh
288,Hardoi,Hardoi,Apple,Kasmir/Shimla - II,Medium,7800,7880,7845,14 Feb 2025,Uttar Pradesh
289,Hardoi,Hardoi,Apple,Kasmir/Shimla - II,Medium,7800,7890,7850,15 Feb 2025,Uttar Pradesh
290,Hardoi,Hardoi,Apple,Kasmir/Shimla - II,Medium,7820,7880,7855,19 Feb 2025,Uttar Pradesh
291,Hardoi,Hardoi,Apple,Kasmir/Shimla - II,Medium,7820,7890,7860,18 Feb 2025,Uttar Pradesh
292,Hardoi,Hardoi,Apple,Kasmir/Shimla - II,Medium,7820,7890,7865,17 Feb 2025,Uttar Pradesh
293,Hardoi,Hardoi,Apple,Kasmir/Shimla - II,Medium,7830,7890,7860,20 Feb 2025,Uttar Pradesh
294,Amroha,Hasanpur,Apple,Delicious,Medium,3210,4000,3520,14 Feb 2025,Uttar Pradesh
295,Amroha,Hasanpur,Apple,Delicious,Medium,3210,4000,3520,15 Feb 2025,Uttar Pradesh
296,Amroha,Hasanpur,Apple,Delicious,Medium,3210,4000,3520,16 Feb 2025,Uttar Pradesh
297,Amroha,Hasanpur,Apple,Delicious,Medium,3210,4000,3520,17 Feb 2025,Uttar Pradesh
298,Amroha,Hasanpur,Apple,Delicious,Medium,3210,4000,3520,18 Feb 2025,Uttar Pradesh
299,Amroha,Hasanpur,Apple,Delicious,Medium,3210,4000,3520,19 Feb 2025,Uttar Pradesh
300,Amroha,Hasanpur,Apple,Delicious,Medium,3210,4000,3520,20 Feb 2025,Uttar Pradesh
301,Amethi,Jafarganj,Apple,Delicious,Medium,8000,8200,8100,15 Feb 2025,Uttar Pradesh
302,Amethi,Jafarganj,Apple,Delicious,Medium,8050,8170,8110,14 Feb 2025,Uttar Pradesh
303,Amethi,Jafarganj,Apple,Delicious,Medium,8050,8200,8110,18 Feb 2025,Uttar Pradesh
304,Amethi,Jafarganj,Apple,Delicious,Medium,8050,8200,8120,17 Feb 2025,Uttar Pradesh
305,Amethi,Jafarganj,Apple,Delicious,Medium,8050,8200,8120,19 Feb 2025,Uttar Pradesh
306,Amethi,Jafarganj,Apple,Delicious,Medium,8050,8200,8125,20 Feb 2025,Uttar Pradesh
307,Bulandshahar,Jahangirabad,Apple,Delicious,Medium,7820,8030,7925,20 Feb 2025,Uttar Pradesh
308,Bulandshahar,Jahangirabad,Apple,Delicious,Medium,7840,8050,7945,17 Feb 2025,Uttar Pradesh
309,Bulandshahar,Jahangirabad,Apple,Delicious,Medium,7848,8052,7950,16 Feb 2025,Uttar Pradesh
310,Bulandshahar,Jahangirabad,Apple,Delicious,Medium,7850,8060,7955,18 Feb 2025,Uttar Pradesh
311,Bulandshahar,Jahangirabad,Apple,Delicious,Medium,7860,8050,7955,15 Feb 2025,Uttar Pradesh
312,Bulandshahar,Jahangirabad,Apple,Delicious,Medium,7860,8070,7965,19 Feb 2025,Uttar Pradesh
313,Jalaun (Orai),Jalaun,Apple,Apple,Medium,8000,9000,8500,16 Feb 2025,Uttar Pradesh
314,Etawah,Jasvantnagar,Apple,Apple,Medium,7460,7560,7510,15 Feb 2025,Uttar Pradesh
315,Etawah,Jasvantnagar,Apple,Apple,Medium,7460,7560,7510,17 Feb 2025,Uttar Pradesh
316,Etawah,Jasvantnagar,Apple,Apple,Medium,7510,7610,7560,14 Feb 2025,Uttar Pradesh
317,Etawah,Jasvantnagar,Apple,Apple,Medium,7510,7610,7560,18 Feb 2025,Uttar Pradesh
318,Etawah,Jasvantnagar,Apple,Apple,Medium,7510,7610,7560,19 Feb 2025,Uttar Pradesh
319,Etawah,Jasvantnagar,Apple,Apple,Medium,7570,7670,7620,20 Feb 2025,Uttar Pradesh
320,Jaunpur,Jaunpur,Apple,Red June,Medium,8200,8400,8300,14 Feb 2025,Uttar Pradesh
321,Jaunpur,Jaunpur,Apple,Red June,Medium,8200,8400,8300,15 Feb 2025,Uttar Pradesh
322,Jaunpur,Jaunpur,Apple,Red June,Medium,8250,8450,8350,17 Feb 2025,Uttar Pradesh
323,Jaunpur,Jaunpur,Apple,Red June,Medium,8350,8450,8400,20 Feb 2025,Uttar Pradesh
324,Jaunpur,Jaunpur,Apple,Red June,Medium,8400,8500,8450,19 Feb 2025,Uttar Pradesh
325,Raebarelli,Jayas,Apple,Delicious,Medium,8000,8200,8120,17 Feb 2025,Uttar Pradesh
326,Raebarelli,Jayas,Apple,Delicious,Medium,8000,8200,8120,18 Feb 2025,Uttar Pradesh
327,Raebarelli,Jayas,Apple,Delicious,Medium,8000,8200,8120,20 Feb 2025,Uttar Pradesh
328,Raebarelli,Jayas,Apple,Delicious,Medium,8100,8150,8120,14 Feb 2025,Uttar Pradesh
329,Raebarelli,Jayas,Apple,Delicious,Medium,8100,8150,8130,19 Feb 2025,Uttar Pradesh
330,Raebarelli,Jayas,Apple,Delicious,Medium,8100,8200,8150,15 Feb 2025,Uttar Pradesh
331,Raebarelli,Jayas,Apple,Delicious,Medium,8100,8250,8150,16 Feb 2025,Uttar Pradesh
332,Jhansi,Jhansi,Apple,Apple,Medium,7800,8100,8000,15 Feb 2025,Uttar Pradesh
333,Jhansi,Jhansi,Apple,Apple,Medium,7800,8100,8050,19 Feb 2025,Uttar Pradesh
334,Jhansi,Jhansi,Apple,Apple,Medium,7800,8150,8060,14 Feb 2025,Uttar Pradesh
335,Jhansi,Jhansi,Apple,Apple,Medium,8100,8300,8200,18 Feb 2025,Uttar Pradesh
336,Shamli,Kairana,Apple,Delicious,Medium,3100,3200,3150,17 Feb 2025,Uttar Pradesh
337,Shamli,Kairana,Apple,Delicious,Medium,3300,3400,3350,15 Feb 2025,Uttar Pradesh
338,Shamli,Kairana,Apple,Delicious,Medium,3300,3400,3350,18 Feb 2025,Uttar Pradesh
339,Shamli,Kairana,Apple,Delicious,Medium,3300,3400,3350,20 Feb 2025,Uttar Pradesh
340,Shamli,Kairana,Apple,Delicious,Medium,3500,3600,3550,14 Feb 2025,Uttar Pradesh
341,Kannuj,Kannauj,Apple,Delicious,Medium,7600,7700,7650,14 Feb 2025,Uttar Pradesh
342,Kannuj,Kannauj,Apple,Delicious,Medium,7600,7700,7650,15 Feb 2025,Uttar Pradesh
343,Kannuj,Kannauj,Apple,Delicious,Medium,7600,7700,7650,16 Feb 2025,Uttar Pradesh
344,Kannuj,Kannauj,Apple,Delicious,Medium,7700,7800,7750,17 Feb 2025,Uttar Pradesh
345,Kannuj,Kannauj,Apple,Delicious,Medium,7700,7800,7750,19 Feb 2025,Uttar Pradesh
346,Kannuj,Kannauj,Apple,Delicious,Medium,7700,7800,7750,20 Feb 2025,Uttar Pradesh
347,Kanpur,Kanpur(Grain),Apple,Delicious,Medium,7630,7830,7730,17 Feb 2025,Uttar Pradesh
348,Kanpur,Kanpur(Grain),Apple,Delicious,Medium,7650,7800,7750,15 Feb 2025,Uttar Pradesh
349,Kanpur,Kanpur(Grain),Apple,Delicious,Medium,7660,7860,7760,19 Feb 2025,Uttar Pradesh
350,Kanpur,Kanpur(Grain),Apple,Delicious,Medium,7700,7900,7800,18 Feb 2025,Uttar Pradesh
351,Kanpur,Kanpur(Grain),Apple,Delicious,Medium,7700,7900,7800,20 Feb 2025,Uttar Pradesh
352,Kanpur,Kanpur(Grain),Apple,Delicious,Medium,7710,7910,7810,14 Feb 2025,Uttar Pradesh
353,Kasganj,Kasganj,Apple,Kasmir/Shimla - II,Medium,8050,8600,8250,14 Feb 2025,Uttar Pradesh
354,Kasganj,Kasganj,Apple,Kasmir/Shimla - II,Medium,8050,8600,8260,15 Feb 2025,Uttar Pradesh
355,Kasganj,Kasganj,Apple,Kasmir/Shimla - II,Medium,8050,8600,8260,16 Feb 2025,Uttar Pradesh
356,Kasganj,Kasganj,Apple,Kasmir/Shimla - II,Medium,8050,8600,8265,18 Feb 2025,Uttar Pradesh
357,Kasganj,Kasganj,Apple,Kasmir/Shimla - II,Medium,8060,8610,8270,19 Feb 2025,Uttar Pradesh
358,Kasganj,Kasganj,Apple,Kasmir/Shimla - II,Medium,8100,8620,8275,20 Feb 2025,Uttar Pradesh
359,Farukhabad,Kayamganj,Apple,Delicious,Medium,7750,7850,7800,14 Feb 2025,Uttar Pradesh
360,Farukhabad,Kayamganj,Apple,Delicious,Medium,7750,7850,7800,18 Feb 2025,Uttar Pradesh
361,Farukhabad,Kayamganj,Apple,Delicious,Medium,7770,7880,7830,19 Feb 2025,Uttar Pradesh
362,Farukhabad,Kayamganj,Apple,Delicious,Medium,7800,7900,7850,15 Feb 2025,Uttar Pradesh
363,Farukhabad,Kayamganj,Apple,Delicious,Medium,7800,7900,7850,20 Feb 2025,Uttar Pradesh
364,Farukhabad,Kayamganj,Apple,Delicious,Medium,7830,7930,7880,17 Feb 2025,Uttar Pradesh
365,Fatehpur,Khaga,Apple,Kasmir/Shimla - II,Medium,8125,8300,8200,17 Feb 2025,Uttar Pradesh
366,Fatehpur,Khaga,Apple,Kasmir/Shimla - II,Medium,8125,8300,8200,19 Feb 2025,Uttar Pradesh
367,Fatehpur,Khaga,Apple,Kasmir/Shimla - II,Medium,8150,8285,8230,18 Feb 2025,Uttar Pradesh
368,Aligarh,Khair,Apple,Delicious,Medium,3500,5000,4500,20 Feb 2025,Uttar Pradesh
369,Aligarh,Khair,Apple,Delicious,Medium,4000,4500,4200,16 Feb 2025,Uttar Pradesh
370,Aligarh,Khair,Apple,Delicious,Medium,4000,4600,4500,17 Feb 2025,Uttar Pradesh
371,Aligarh,Khair,Apple,Delicious,Medium,4000,5000,4500,14 Feb 2025,Uttar Pradesh
372,Aligarh,Khair,Apple,Delicious,Medium,4000,5000,4500,15 Feb 2025,Uttar Pradesh
373,Aligarh,Khair,Apple,Delicious,Medium,4000,5000,4500,19 Feb 2025,Uttar Pradesh
374,Aligarh,Khair,Apple,Delicious,Medium,4200,5000,4500,18 Feb 2025,Uttar Pradesh
375,Shamli,Khandhla,Apple,Delicious,Medium,4900,5000,4950,14 Feb 2025,Uttar Pradesh
376,Shamli,Khandhla,Apple,Delicious,Medium,4900,5000,4950,17 Feb 2025,Uttar Pradesh
377,Muzaffarnagar,Khatauli,Apple,Apple,Medium,4000,5000,4500,21 Feb 2025,Uttar Pradesh
378,Muzaffarnagar,Khatauli,Apple,Apple,Medium,4500,5500,5000,15 Feb 2025,Uttar Pradesh
379,Muzaffarnagar,Khatauli,Apple,Apple,Medium,4500,5500,5000,16 Feb 2025,Uttar Pradesh
380,Muzaffarnagar,Khatauli,Apple,Apple,Medium,4500,5500,5000,17 Feb 2025,Uttar Pradesh
381,Muzaffarnagar,Khatauli,Apple,Apple,Medium,4500,5500,5000,18 Feb 2025,Uttar Pradesh
382,Muzaffarnagar,Khatauli,Apple,Apple,Medium,4500,5500,5000,19 Feb 2025,Uttar Pradesh
383,Muzaffarnagar,Khatauli,Apple,Apple,Medium,4500,5500,5000,20 Feb 2025,Uttar Pradesh
384,Bulandshahar,Khurja,Apple,Delicious,Medium,7700,8100,7900,14 Feb 2025,Uttar Pradesh
385,Bulandshahar,Khurja,Apple,Delicious,Medium,7750,8150,7950,15 Feb 2025,Uttar Pradesh
386,Bulandshahar,Khurja,Apple,Delicious,Medium,7750,8150,7950,17 Feb 2025,Uttar Pradesh
387,Bulandshahar,Khurja,Apple,Delicious,Medium,7750,8150,7950,18 Feb 2025,Uttar Pradesh
388,Bulandshahar,Khurja,Apple,Delicious,Medium,7750,8150,7950,19 Feb 2025,Uttar Pradesh
389,Bulandshahar,Khurja,Apple,Delicious,Medium,7750,8150,7950,20 Feb 2025,Uttar Pradesh
390,Bijnor,Kiratpur,Apple,Apple,Medium,6500,6600,6550,15 Feb 2025,Uttar Pradesh
391,Bijnor,Kiratpur,Apple,Apple,Medium,6600,6700,6650,14 Feb 2025,Uttar Pradesh
392,Bijnor,Kiratpur,Apple,Apple,Medium,6600,6700,6650,21 Feb 2025,Uttar Pradesh
393,Bijnor,Kiratpur,Apple,Apple,Medium,6700,6800,6750,16 Feb 2025,Uttar Pradesh
394,Bijnor,Kiratpur,Apple,Apple,Medium,6800,6900,6850,17 Feb 2025,Uttar Pradesh
395,Bijnor,Kiratpur,Apple,Apple,Medium,6800,6900,6850,18 Feb 2025,Uttar Pradesh
396,Bijnor,Kiratpur,Apple,Apple,Medium,7000,7100,7050,19 Feb 2025,Uttar Pradesh
397,Bijnor,Kiratpur,Apple,Apple,Medium,7000,8000,7050,20 Feb 2025,Uttar Pradesh
398,Mau(Maunathbhanjan),Kopaganj,Apple,Delicious,Medium,7000,7200,7100,17 Feb 2025,Uttar Pradesh
399,Mau(Maunathbhanjan),Kopaganj,Apple,Delicious,Medium,7100,7300,7200,15 Feb 2025,Uttar Pradesh
400,Mau(Maunathbhanjan),Kopaganj,Apple,Delicious,Medium,7100,7300,7200,18 Feb 2025,Uttar Pradesh
401,Mau(Maunathbhanjan),Kopaganj,Apple,Delicious,Medium,7100,7300,7200,21 Feb 2025,Uttar Pradesh
402,Mau(Maunathbhanjan),Kopaganj,Apple,Delicious,Medium,7200,7400,7300,20 Feb 2025,Uttar Pradesh
403,Mau(Maunathbhanjan),Kopaganj,Apple,Delicious,Medium,7200,7500,7300,19 Feb 2025,Uttar Pradesh
404,Mau(Maunathbhanjan),Kopaganj,Apple,Delicious,Medium,8100,8300,8200,14 Feb 2025,Uttar Pradesh
405,Mathura,Kosikalan,Apple,Kasmir/Shimla - II,Medium,8200,8300,8250,17 Feb 2025,Uttar Pradesh
406,Mathura,Kosikalan,Apple,Kasmir/Shimla - II,Medium,8200,8400,8300,15 Feb 2025,Uttar Pradesh
407,Mathura,Kosikalan,Apple,Kasmir/Shimla - II,Medium,8250,8330,8290,14 Feb 2025,Uttar Pradesh
408,Mathura,Kosikalan,Apple,Kasmir/Shimla - II,Medium,8300,8400,8350,19 Feb 2025,Uttar Pradesh
409,Mathura,Kosikalan,Apple,Kasmir/Shimla - II,Medium,8300,8500,8400,18 Feb 2025,Uttar Pradesh
410,Mathura,Kosikalan,Apple,Kasmir/Shimla - II,Medium,8300,8500,8400,20 Feb 2025,Uttar Pradesh
411,Lakhimpur,Lakhimpur,Apple,Simla,Medium,7750,7890,7840,18 Feb 2025,Uttar Pradesh
412,Lakhimpur,Lakhimpur,Apple,Simla,Medium,7760,7900,7850,17 Feb 2025,Uttar Pradesh
413,Lakhimpur,Lakhimpur,Apple,Simla,Medium,7760,7920,7850,19 Feb 2025,Uttar Pradesh
414,Lakhimpur,Lakhimpur,Apple,Simla,Medium,7770,7940,7880,14 Feb 2025,Uttar Pradesh
415,Lakhimpur,Lakhimpur,Apple,Simla,Medium,7800,7910,7860,20 Feb 2025,Uttar Pradesh
416,Lakhimpur,Lakhimpur,Apple,Simla,Medium,7800,7920,7870,15 Feb 2025,Uttar Pradesh
417,Lalitpur,Lalitpur,Apple,Kasmir/Shimla - II,Medium,7320,7380,7350,18 Feb 2025,Uttar Pradesh
418,Lalitpur,Lalitpur,Apple,Kasmir/Shimla - II,Medium,7330,7400,7360,17 Feb 2025,Uttar Pradesh
419,Lalitpur,Lalitpur,Apple,Kasmir/Shimla - II,Medium,7350,7450,7400,19 Feb 2025,Uttar Pradesh
420,Lalitpur,Lalitpur,Apple,Kasmir/Shimla - II,Medium,7370,7430,7400,15 Feb 2025,Uttar Pradesh
421,Lalitpur,Lalitpur,Apple,Kasmir/Shimla - II,Medium,7370,7430,7400,16 Feb 2025,Uttar Pradesh
422,Lalitpur,Lalitpur,Apple,Kasmir/Shimla - II,Medium,7370,7430,7400,20 Feb 2025,Uttar Pradesh
423,Lalitpur,Lalitpur,Apple,Kasmir/Shimla - II,Medium,7400,7500,7450,14 Feb 2025,Uttar Pradesh
424,Lalitpur,Lalitpur,Apple,Kasmir/Shimla - II,Medium,7420,7480,7450,21 Feb 2025,Uttar Pradesh
425,Lucknow,Lucknow,Apple,Kasmir/Shimla - II,Medium,7560,7760,7660,17 Feb 2025,Uttar Pradesh
426,Lucknow,Lucknow,Apple,Kasmir/Shimla - II,Medium,7560,7760,7660,18 Feb 2025,Uttar Pradesh
427,Lucknow,Lucknow,Apple,Kasmir/Shimla - II,Medium,7560,7760,7660,19 Feb 2025,Uttar Pradesh
428,Lucknow,Lucknow,Apple,Kasmir/Shimla - II,Medium,7600,7800,7700,20 Feb 2025,Uttar Pradesh
429,Lucknow,Lucknow,Apple,Kasmir/Shimla - II,Medium,7700,7900,7800,14 Feb 2025,Uttar Pradesh
430,Lucknow,Lucknow,Apple,Kasmir/Shimla - II,Medium,7700,7900,7800,15 Feb 2025,Uttar Pradesh
431,Hardoi,Madhoganj,Apple,Kasmir/Shimla - II,Medium,7800,7900,7850,14 Feb 2025,Uttar Pradesh
432,Hardoi,Madhoganj,Apple,Kasmir/Shimla - II,Medium,7800,7900,7850,18 Feb 2025,Uttar Pradesh
433,Hardoi,Madhoganj,Apple,Kasmir/Shimla - II,Medium,7800,7900,7850,20 Feb 2025,Uttar Pradesh
434,Hardoi,Madhoganj,Apple,Kasmir/Shimla - II,Medium,7800,7900,7860,16 Feb 2025,Uttar Pradesh
435,Hardoi,Madhoganj,Apple,Kasmir/Shimla - II,Medium,7800,7900,7860,19 Feb 2025,Uttar Pradesh
436,Hardoi,Madhoganj,Apple,Kasmir/Shimla - II,Medium,7850,7900,7880,17 Feb 2025,Uttar Pradesh
437,Mahoba,Mahoba,Apple,Royal Delicious,Medium,8100,8200,8160,14 Feb 2025,Uttar Pradesh
438,Mahoba,Mahoba,Apple,Royal Delicious,Medium,8120,8240,8180,15 Feb 2025,Uttar Pradesh
439,Mahoba,Mahoba,Apple,Royal Delicious,Medium,8150,8260,8210,16 Feb 2025,Uttar Pradesh
440,Mahoba,Mahoba,Apple,Royal Delicious,Medium,8180,8290,8220,17 Feb 2025,Uttar Pradesh
441,Mahoba,Mahoba,Apple,Royal Delicious,Medium,8180,8300,8220,20 Feb 2025,Uttar Pradesh
442,Mahoba,Mahoba,Apple,Royal Delicious,Medium,8200,8300,8250,19 Feb 2025,Uttar Pradesh
443,Khiri (Lakhimpur),Maigalganj,Apple,Kasmir/Shimla - II,Medium,9000,9065,9030,21 Feb 2025,Uttar Pradesh
444,Khiri (Lakhimpur),Maigalganj,Apple,Kasmir/Shimla - II,Medium,9000,9070,9040,16 Feb 2025,Uttar Pradesh
445,Khiri (Lakhimpur),Maigalganj,Apple,Kasmir/Shimla - II,Medium,9000,9070,9040,20 Feb 2025,Uttar Pradesh
446,Khiri (Lakhimpur),Maigalganj,Apple,Kasmir/Shimla - II,Medium,9000,9075,9040,15 Feb 2025,Uttar Pradesh
447,Khiri (Lakhimpur),Maigalganj,Apple,Kasmir/Shimla - II,Medium,9000,9080,9040,18 Feb 2025,Uttar Pradesh
448,Khiri (Lakhimpur),Maigalganj,Apple,Kasmir/Shimla - II,Medium,9100,9160,9130,19 Feb 2025,Uttar Pradesh
449,Khiri (Lakhimpur),Maigalganj,Apple,Kasmir/Shimla - II,Medium,9100,9180,9140,17 Feb 2025,Uttar Pradesh
450,Khiri (Lakhimpur),Maigalganj,Apple,Kasmir/Shimla - II,Medium,9120,9170,9140,14 Feb 2025,Uttar Pradesh
451,Mainpuri,Mainpuri,Apple,Delicious,Medium,8135,8325,8245,19 Feb 2025,Uttar Pradesh
452,Mainpuri,Mainpuri,Apple,Delicious,Medium,8155,8345,8265,20 Feb 2025,Uttar Pradesh
453,Mainpuri,Mainpuri,Apple,Delicious,Medium,8175,8365,8285,14 Feb 2025,Uttar Pradesh
454,Mainpuri,Mainpuri,Apple,Delicious,Medium,8180,8370,8290,18 Feb 2025,Uttar Pradesh
455,Mainpuri,Mainpuri,Apple,Delicious,Medium,8215,8410,8320,17 Feb 2025,Uttar Pradesh
456,Kaushambi,Manjhanpur,Apple,Golden,Medium,8110,8315,8200,15 Feb 2025,Uttar Pradesh
457,Kaushambi,Manjhanpur,Apple,Golden,Medium,8120,8325,8210,14 Feb 2025,Uttar Pradesh
458,Kaushambi,Manjhanpur,Apple,Golden,Medium,8125,8330,8220,17 Feb 2025,Uttar Pradesh
459,Kaushambi,Manjhanpur,Apple,Golden,Medium,8130,8340,8225,19 Feb 2025,Uttar Pradesh
460,Kaushambi,Manjhanpur,Apple,Golden,Medium,8145,8350,8240,20 Feb 2025,Uttar Pradesh
461,Kaushambi,Manjhanpur,Apple,Golden,Medium,8150,8355,8245,18 Feb 2025,Uttar Pradesh
462,Mathura,Mathura,Apple,Delicious,Medium,8000,8600,8300,14 Feb 2025,Uttar Pradesh
463,Mathura,Mathura,Apple,Delicious,Medium,8000,8600,8300,20 Feb 2025,Uttar Pradesh
464,Mathura,Mathura,Apple,Delicious,Medium,8100,8600,8400,19 Feb 2025,Uttar Pradesh
465,Mathura,Mathura,Apple,Delicious,Medium,8200,8600,8400,17 Feb 2025,Uttar Pradesh
466,Mathura,Mathura,Apple,Delicious,Medium,8200,8600,8400,18 Feb 2025,Uttar Pradesh
467,Jhansi,Mauranipur,Apple,Kasmir/Shimla - II,Medium,7800,8250,8000,17 Feb 2025,Uttar Pradesh
468,Jhansi,Mauranipur,Apple,Kasmir/Shimla - II,Medium,7800,8300,8000,14 Feb 2025,Uttar Pradesh
469,Jhansi,Mauranipur,Apple,Kasmir/Shimla - II,Medium,7800,8300,8000,15 Feb 2025,Uttar Pradesh
470,Jhansi,Mauranipur,Apple,Kasmir/Shimla - II,Medium,7800,8300,8050,19 Feb 2025,Uttar Pradesh
471,Jhansi,Mauranipur,Apple,Kasmir/Shimla - II,Medium,7800,8300,8080,20 Feb 2025,Uttar Pradesh
472,Jhansi,Mauranipur,Apple,Kasmir/Shimla - II,Medium,7850,8300,8000,16 Feb 2025,Uttar Pradesh
473,Meerut,Meerut,Apple,Delicious,Medium,7850,8040,7940,14 Feb 2025,Uttar Pradesh
474,Meerut,Meerut,Apple,Delicious,Medium,7870,8040,7950,15 Feb 2025,Uttar Pradesh
475,Meerut,Meerut,Apple,Delicious,Medium,7870,8040,7960,18 Feb 2025,Uttar Pradesh
476,Meerut,Meerut,Apple,Delicious,Medium,7900,8000,7950,17 Feb 2025,Uttar Pradesh
477,Meerut,Meerut,Apple,Delicious,Medium,7900,8060,7970,19 Feb 2025,Uttar Pradesh
478,Sitapur,Mehmoodabad,Apple,Kasmir/Shimla - II,Medium,7780,7900,7840,17 Feb 2025,Uttar Pradesh
479,Sitapur,Mehmoodabad,Apple,Kasmir/Shimla - II,Medium,7790,7910,7860,20 Feb 2025,Uttar Pradesh
480,Sitapur,Mehmoodabad,Apple,Kasmir/Shimla - II,Medium,7800,7910,7850,15 Feb 2025,Uttar Pradesh
481,Sitapur,Mehmoodabad,Apple,Kasmir/Shimla - II,Medium,7800,7910,7850,16 Feb 2025,Uttar Pradesh
482,Sitapur,Mehmoodabad,Apple,Kasmir/Shimla - II,Medium,7800,7910,7850,18 Feb 2025,Uttar Pradesh
483,Sitapur,Mehmoodabad,Apple,Kasmir/Shimla - II,Medium,7800,7920,7860,19 Feb 2025,Uttar Pradesh
484,Mirzapur,Mirzapur,Apple,Delicious,Medium,8270,8350,8315,20 Feb 2025,Uttar Pradesh
485,Mirzapur,Mirzapur,Apple,Delicious,Medium,8300,8375,8345,14 Feb 2025,Uttar Pradesh
486,Mirzapur,Mirzapur,Apple,Delicious,Medium,8300,8400,8350,15 Feb 2025,Uttar Pradesh
487,Mirzapur,Mirzapur,Apple,Delicious,Medium,8300,8400,8360,19 Feb 2025,Uttar Pradesh
488,Mirzapur,Mirzapur,Apple,Delicious,Medium,8300,8400,8365,17 Feb 2025,Uttar Pradesh
489,Mirzapur,Mirzapur,Apple,Delicious,Medium,8325,8400,8375,18 Feb 2025,Uttar Pradesh
490,Farukhabad,Mohamadabad,Apple,Apple,Medium,7750,7950,7850,14 Feb 2025,Uttar Pradesh
491,Farukhabad,Mohamadabad,Apple,Apple,Medium,7800,8000,7900,15 Feb 2025,Uttar Pradesh
492,Farukhabad,Mohamadabad,Apple,Apple,Medium,7850,8050,7950,16 Feb 2025,Uttar Pradesh
493,Farukhabad,Mohamadabad,Apple,Apple,Medium,7860,8060,7960,19 Feb 2025,Uttar Pradesh
494,Farukhabad,Mohamadabad,Apple,Apple,Medium,7950,8150,8050,17 Feb 2025,Uttar Pradesh
495,Farukhabad,Mohamadabad,Apple,Apple,Medium,8080,8280,8180,20 Feb 2025,Uttar Pradesh
496,Khiri (Lakhimpur),Mohammdi,Apple,Delicious,Medium,7800,7900,7855,19 Feb 2025,Uttar Pradesh
497,Khiri (Lakhimpur),Mohammdi,Apple,Delicious,Medium,7810,7915,7860,17 Feb 2025,Uttar Pradesh
498,Khiri (Lakhimpur),Mohammdi,Apple,Delicious,Medium,7810,7915,7865,20 Feb 2025,Uttar Pradesh
499,Khiri (Lakhimpur),Mohammdi,Apple,Delicious,Medium,7815,7915,7865,18 Feb 2025,Uttar Pradesh
500,Khiri (Lakhimpur),Mohammdi,Apple,Delicious,Medium,7840,7940,7885,15 Feb 2025,Uttar Pradesh
501,Khiri (Lakhimpur),Mohammdi,Apple,Delicious,Medium,7860,7960,7910,14 Feb 2025,Uttar Pradesh
502,Jaunpur,Mugrabaadshahpur,Apple,Delicious,Medium,8180,8380,8280,14 Feb 2025,Uttar Pradesh
503,Jaunpur,Mugrabaadshahpur,Apple,Delicious,Medium,8210,8410,8310,15 Feb 2025,Uttar Pradesh
504,Jaunpur,Mugrabaadshahpur,Apple,Delicious,Medium,8220,8420,8320,17 Feb 2025,Uttar Pradesh
505,Jaunpur,Mugrabaadshahpur,Apple,Delicious,Medium,8260,8460,8360,18 Feb 2025,Uttar Pradesh
506,Jaunpur,Mugrabaadshahpur,Apple,Delicious,Medium,8270,8470,8370,20 Feb 2025,Uttar Pradesh
507,Jaunpur,Mugrabaadshahpur,Apple,Delicious,Medium,8275,8475,8375,19 Feb 2025,Uttar Pradesh
508,Sambhal,Muradabad,Apple,Delicious,Medium,7800,7900,7850,14 Feb 2025,Uttar Pradesh
509,Sambhal,Muradabad,Apple,Delicious,Medium,7800,7900,7850,16 Feb 2025,Uttar Pradesh
510,Sambhal,Muradabad,Apple,Delicious,Medium,7800,7900,7860,17 Feb 2025,Uttar Pradesh
511,Sambhal,Muradabad,Apple,Delicious,Medium,7820,7900,7860,15 Feb 2025,Uttar Pradesh
512,Sambhal,Muradabad,Apple,Delicious,Medium,7840,7960,7880,18 Feb 2025,Uttar Pradesh
513,Sambhal,Muradabad,Apple,Delicious,Medium,7850,8000,7900,19 Feb 2025,Uttar Pradesh
514,Sambhal,Muradabad,Apple,Delicious,Medium,7870,8000,7920,20 Feb 2025,Uttar Pradesh
515,Muzaffarnagar,Muzzafarnagar,Apple,Kasmir/Shimla - II,Medium,7800,8200,8000,15 Feb 2025,Uttar Pradesh
516,Muzaffarnagar,Muzzafarnagar,Apple,Kasmir/Shimla - II,Medium,7800,8300,8100,14 Feb 2025,Uttar Pradesh
517,Muzaffarnagar,Muzzafarnagar,Apple,Kasmir/Shimla - II,Medium,7800,8300,8100,18 Feb 2025,Uttar Pradesh
518,Muzaffarnagar,Muzzafarnagar,Apple,Kasmir/Shimla - II,Medium,7900,8300,8100,16 Feb 2025,Uttar Pradesh
519,Muzaffarnagar,Muzzafarnagar,Apple,Kasmir/Shimla - II,Medium,8000,8300,8100,17 Feb 2025,Uttar Pradesh
520,Muzaffarnagar,Muzzafarnagar,Apple,Kasmir/Shimla - II,Medium,8000,8300,8100,19 Feb 2025,Uttar Pradesh
521,Muzaffarnagar,Muzzafarnagar,Apple,Kasmir/Shimla - II,Medium,8000,8400,8200,20 Feb 2025,Uttar Pradesh
522,Bahraich,Naanpara,Apple,Royal Delicious,Medium,6000,6200,6100,14 Feb 2025,Uttar Pradesh
523,Bahraich,Naanpara,Apple,Royal Delicious,Medium,6000,6400,6200,17 Feb 2025,Uttar Pradesh
524,Bahraich,Naanpara,Apple,Royal Delicious,Medium,6000,6400,6200,19 Feb 2025,Uttar Pradesh
525,Bahraich,Naanpara,Apple,Royal Delicious,Medium,6000,6400,6200,20 Feb 2025,Uttar Pradesh
526,Bahraich,Naanpara,Apple,Royal Delicious,Medium,6000,6500,6200,18 Feb 2025,Uttar Pradesh
527,Bijnor,Nagina,Apple,Delicious,Medium,7000,12000,9000,14 Feb 2025,Uttar Pradesh
528,Bijnor,Nagina,Apple,Delicious,Medium,7000,13000,10000,18 Feb 2025,Uttar Pradesh
529,Bijnor,Nagina,Apple,Delicious,Medium,7000,13000,11000,16 Feb 2025,Uttar Pradesh
530,Bijnor,Nagina,Apple,Delicious,Medium,7000,13000,12000,15 Feb 2025,Uttar Pradesh
531,Bijnor,Nagina,Apple,Delicious,Medium,8000,13000,11000,17 Feb 2025,Uttar Pradesh
532,Siddharth Nagar,Naugarh,Apple,Delicious,Medium,7840,7890,7850,18 Feb 2025,Uttar Pradesh
533,Siddharth Nagar,Naugarh,Apple,Delicious,Medium,8110,8160,8150,15 Feb 2025,Uttar Pradesh
534,Siddharth Nagar,Naugarh,Apple,Delicious,Medium,8120,8160,8150,14 Feb 2025,Uttar Pradesh
535,Siddharth Nagar,Naugarh,Apple,Delicious,Medium,8140,8250,8200,17 Feb 2025,Uttar Pradesh
536,Siddharth Nagar,Naugarh,Apple,Delicious,Medium,8240,8260,8250,16 Feb 2025,Uttar Pradesh
537,Maharajganj,Nautnava,Apple,Delicious,Medium,8200,8400,8350,14 Feb 2025,Uttar Pradesh
538,Gonda,Nawabganj,Apple,Delicious,Medium,8350,8550,8450,18 Feb 2025,Uttar Pradesh
539,Gonda,Nawabganj,Apple,Delicious,Medium,8350,8550,8450,19 Feb 2025,Uttar Pradesh
540,Gonda,Nawabganj,Apple,Delicious,Medium,8400,8600,8500,16 Feb 2025,Uttar Pradesh
541,Gonda,Nawabganj,Apple,Delicious,Medium,8400,8600,8500,17 Feb 2025,Uttar Pradesh
542,Gonda,Nawabganj,Apple,Delicious,Medium,8400,8600,8500,20 Feb 2025,Uttar Pradesh
543,Gonda,Nawabganj,Apple,Delicious,Medium,8500,8700,8600,14 Feb 2025,Uttar Pradesh
544,Gonda,Nawabganj,Apple,Delicious,Medium,8500,8700,8600,15 Feb 2025,Uttar Pradesh
545,Ghaziabad,Noida,Apple,Delicious,Medium,7790,7980,7880,15 Feb 2025,Uttar Pradesh
546,Ghaziabad,Noida,Apple,Delicious,Medium,7850,8050,7950,17 Feb 2025,Uttar Pradesh
547,Ghaziabad,Noida,Apple,Delicious,Medium,7855,8050,7955,18 Feb 2025,Uttar Pradesh
548,Ghaziabad,Noida,Apple,Delicious,Medium,7860,8060,7960,19 Feb 2025,Uttar Pradesh
549,Ghaziabad,Noida,Apple,Delicious,Medium,7860,8060,7960,20 Feb 2025,Uttar Pradesh
550,Ghaziabad,Noida,Apple,Delicious,Medium,7890,8080,7990,14 Feb 2025,Uttar Pradesh
551,Jalaun (Orai),Orai,Apple,Delicious,Medium,7400,8200,7800,14 Feb 2025,Uttar Pradesh
552,Jalaun (Orai),Orai,Apple,Delicious,Medium,7700,8200,8000,16 Feb 2025,Uttar Pradesh
553,Jalaun (Orai),Orai,Apple,Delicious,Medium,7700,8200,8000,19 Feb 2025,Uttar Pradesh
554,Jalaun (Orai),Orai,Apple,Delicious,Medium,7700,8300,8000,15 Feb 2025,Uttar Pradesh
555,Jalaun (Orai),Orai,Apple,Delicious,Medium,7700,8300,8000,17 Feb 2025,Uttar Pradesh
556,Jalaun (Orai),Orai,Apple,Delicious,Medium,7800,8300,8100,20 Feb 2025,Uttar Pradesh
557,Maharajganj,Partaval,Apple,Delicious,Medium,8125,8275,8200,14 Feb 2025,Uttar Pradesh
558,Pillibhit,Pilibhit,Apple,Delicious,Medium,7640,7720,7685,14 Feb 2025,Uttar Pradesh
559,Pillibhit,Pilibhit,Apple,Delicious,Medium,7640,7720,7685,16 Feb 2025,Uttar Pradesh
560,Pillibhit,Pilibhit,Apple,Delicious,Medium,7650,7740,7690,15 Feb 2025,Uttar Pradesh
561,Pillibhit,Pilibhit,Apple,Delicious,Medium,7720,7800,7760,17 Feb 2025,Uttar Pradesh
562,Pillibhit,Pilibhit,Apple,Delicious,Medium,7725,7820,7765,18 Feb 2025,Uttar Pradesh
563,Pillibhit,Pilibhit,Apple,Delicious,Medium,7730,7820,7770,19 Feb 2025,Uttar Pradesh
564,Pillibhit,Pilibhit,Apple,Delicious,Medium,7800,7900,7850,20 Feb 2025,Uttar Pradesh
565,Pratapgarh,Pratapgarh,Apple,Delicious,Medium,8000,8300,8200,18 Feb 2025,Uttar Pradesh
566,Pratapgarh,Pratapgarh,Apple,Delicious,Medium,8100,8300,8150,14 Feb 2025,Uttar Pradesh
567,Pratapgarh,Pratapgarh,Apple,Delicious,Medium,8100,8300,8170,15 Feb 2025,Uttar Pradesh
568,Pratapgarh,Pratapgarh,Apple,Delicious,Medium,8100,8300,8180,16 Feb 2025,Uttar Pradesh
569,Pratapgarh,Pratapgarh,Apple,Delicious,Medium,8100,8300,8190,17 Feb 2025,Uttar Pradesh
570,Pratapgarh,Pratapgarh,Apple,Delicious,Medium,8100,8350,8225,19 Feb 2025,Uttar Pradesh
571,Pratapgarh,Pratapgarh,Apple,Delicious,Medium,8100,8400,8220,20 Feb 2025,Uttar Pradesh
572,Kanpur Dehat,Pukharayan,Apple,Delicious,Medium,7380,7415,7400,16 Feb 2025,Uttar Pradesh
573,Kanpur Dehat,Pukharayan,Apple,Delicious,Medium,7400,7425,7410,14 Feb 2025,Uttar Pradesh
574,Kanpur Dehat,Pukharayan,Apple,Delicious,Medium,7400,7430,7415,15 Feb 2025,Uttar Pradesh
575,Kanpur Dehat,Pukharayan,Apple,Delicious,Medium,7410,7435,7425,18 Feb 2025,Uttar Pradesh
576,Kanpur Dehat,Pukharayan,Apple,Delicious,Medium,7410,7450,7430,20 Feb 2025,Uttar Pradesh
577,Kanpur Dehat,Pukharayan,Apple,Delicious,Medium,7425,7450,7435,19 Feb 2025,Uttar Pradesh
578,Pillibhit,Puranpur,Apple,Delicious,Medium,7635,7730,7685,15 Feb 2025,Uttar Pradesh
579,Pillibhit,Puranpur,Apple,Delicious,Medium,7640,7720,7680,14 Feb 2025,Uttar Pradesh
580,Pillibhit,Puranpur,Apple,Delicious,Medium,7642,7720,7682,16 Feb 2025,Uttar Pradesh
581,Pillibhit,Puranpur,Apple,Delicious,Medium,7720,7795,7755,17 Feb 2025,Uttar Pradesh
582,Pillibhit,Puranpur,Apple,Delicious,Medium,7720,7800,7760,18 Feb 2025,Uttar Pradesh
583,Pillibhit,Puranpur,Apple,Delicious,Medium,7725,7800,7765,19 Feb 2025,Uttar Pradesh
584,Pillibhit,Puranpur,Apple,Delicious,Medium,7800,7890,7845,20 Feb 2025,Uttar Pradesh
585,Unnao,Purwa,Apple,Kasmir/Shimla - II,Medium,7875,8000,7925,14 Feb 2025,Uttar Pradesh
586,Unnao,Purwa,Apple,Kasmir/Shimla - II,Medium,7875,8000,7925,15 Feb 2025,Uttar Pradesh
587,Unnao,Purwa,Apple,Kasmir/Shimla - II,Medium,7900,8050,7950,16 Feb 2025,Uttar Pradesh
588,Unnao,Purwa,Apple,Kasmir/Shimla - II,Medium,7900,8050,7950,17 Feb 2025,Uttar Pradesh
589,Unnao,Purwa,Apple,Kasmir/Shimla - II,Medium,7900,8050,7950,18 Feb 2025,Uttar Pradesh
590,Unnao,Purwa,Apple,Kasmir/Shimla - II,Medium,7900,8050,7950,19 Feb 2025,Uttar Pradesh
591,Unnao,Purwa,Apple,Kasmir/Shimla - II,Medium,7900,8050,7950,20 Feb 2025,Uttar Pradesh
592,Shahjahanpur,Puwaha,Apple,Delicious,Medium,7600,7800,7700,14 Feb 2025,Uttar Pradesh
593,Raebarelli,Raibareilly,Apple,Kasmir/Shimla - II,Medium,7800,7900,7850,14 Feb 2025,Uttar Pradesh
594,Raebarelli,Raibareilly,Apple,Kasmir/Shimla - II,Medium,7850,7950,7900,15 Feb 2025,Uttar Pradesh
595,Raebarelli,Raibareilly,Apple,Kasmir/Shimla - II,Medium,7850,7950,7900,17 Feb 2025,Uttar Pradesh
596,Raebarelli,Raibareilly,Apple,Kasmir/Shimla - II,Medium,7900,7950,7920,16 Feb 2025,Uttar Pradesh
597,Raebarelli,Raibareilly,Apple,Kasmir/Shimla - II,Medium,7900,8000,7950,18 Feb 2025,Uttar Pradesh
598,Raebarelli,Raibareilly,Apple,Kasmir/Shimla - II,Medium,7900,8000,7950,19 Feb 2025,Uttar Pradesh
599,Raebarelli,Raibareilly,Apple,Kasmir/Shimla - II,Medium,7950,8000,7975,20 Feb 2025,Uttar Pradesh
600,Rampur,Rampur,Apple,Delicious,Medium,6950,7050,7000,20 Feb 2025,Uttar Pradesh
601,Rampur,Rampur,Apple,Delicious,Medium,7800,7900,7850,14 Feb 2025,Uttar Pradesh
602,Rampur,Rampur,Apple,Delicious,Medium,7800,7900,7860,16 Feb 2025,Uttar Pradesh
603,Rampur,Rampur,Apple,Delicious,Medium,7800,7900,7860,17 Feb 2025,Uttar Pradesh
604,Rampur,Rampur,Apple,Delicious,Medium,7820,7920,7860,18 Feb 2025,Uttar Pradesh
605,Rampur,Rampur,Apple,Delicious,Medium,7820,7920,7860,19 Feb 2025,Uttar Pradesh
606,Saharanpur,Rampurmaniharan,Apple,Kasmir/Shimla - II,Medium,5100,5300,5200,17 Feb 2025,Uttar Pradesh
607,Saharanpur,Rampurmaniharan,Apple,Kasmir/Shimla - II,Medium,5800,5900,5850,14 Feb 2025,Uttar Pradesh
608,Ballia,Rasda,Apple,American,Medium,8080,8200,8145,15 Feb 2025,Uttar Pradesh
609,Ballia,Rasda,Apple,American,Medium,8080,8225,8150,14 Feb 2025,Uttar Pradesh
610,Bareilly,Richha,Apple,Apple,Medium,4125,4185,4150,18 Feb 2025,Uttar Pradesh
611,Bareilly,Richha,Apple,Apple,Medium,4160,4220,4185,19 Feb 2025,Uttar Pradesh
612,Bareilly,Richha,Apple,Apple,Medium,4160,4240,4190,20 Feb 2025,Uttar Pradesh
613,Bareilly,Richha,Apple,Apple,Medium,4200,4255,4230,17 Feb 2025,Uttar Pradesh
614,Bareilly,Richha,Apple,Apple,Medium,4210,4260,4235,15 Feb 2025,Uttar Pradesh
615,Bareilly,Richha,Apple,Apple,Medium,4215,4250,4230,14 Feb 2025,Uttar Pradesh
616,Bareilly,Richha,Apple,Apple,Medium,4220,4265,4240,16 Feb 2025,Uttar Pradesh
617,Sonbhadra,Robertsganj,Apple,Delicious,Medium,8120,8350,8235,14 Feb 2025,Uttar Pradesh
618,Sonbhadra,Robertsganj,Apple,Delicious,Medium,8120,8375,8250,15 Feb 2025,Uttar Pradesh
619,Sonbhadra,Robertsganj,Apple,Delicious,Medium,8150,8370,8265,16 Feb 2025,Uttar Pradesh
620,Sonbhadra,Robertsganj,Apple,Delicious,Medium,8215,8450,8335,20 Feb 2025,Uttar Pradesh
621,Sonbhadra,Robertsganj,Apple,Delicious,Medium,8230,8475,8350,18 Feb 2025,Uttar Pradesh
622,Sonbhadra,Robertsganj,Apple,Delicious,Medium,8260,8450,8340,17 Feb 2025,Uttar Pradesh
623,Ayodhya,Rudauli,Apple,Kasmir/Shimla - II,Medium,6000,7000,6800,18 Feb 2025,Uttar Pradesh
624,Ayodhya,Rudauli,Apple,Kasmir/Shimla - II,Medium,6000,7500,6800,16 Feb 2025,Uttar Pradesh
625,Ayodhya,Rudauli,Apple,Kasmir/Shimla - II,Medium,6000,7500,6800,17 Feb 2025,Uttar Pradesh
626,Ayodhya,Rudauli,Apple,Kasmir/Shimla - II,Medium,6300,6900,6500,20 Feb 2025,Uttar Pradesh
627,Barabanki,Safdarganj,Apple,Delicious,Medium,7400,7500,7450,19 Feb 2025,Uttar Pradesh
628,Barabanki,Safdarganj,Apple,Delicious,Medium,7900,7980,7950,14 Feb 2025,Uttar Pradesh
629,Barabanki,Safdarganj,Apple,Delicious,Medium,7950,8050,8000,15 Feb 2025,Uttar Pradesh
630,Barabanki,Safdarganj,Apple,Delicious,Medium,8000,8100,8050,18 Feb 2025,Uttar Pradesh
631,Barabanki,Safdarganj,Apple,Delicious,Medium,8000,8100,8050,20 Feb 2025,Uttar Pradesh
632,Barabanki,Safdarganj,Apple,Delicious,Medium,8100,8200,8150,17 Feb 2025,Uttar Pradesh
633,Saharanpur,Saharanpur,Apple,Kasmir/Shimla - II,Medium,7700,8300,8000,14 Feb 2025,Uttar Pradesh
634,Saharanpur,Saharanpur,Apple,Kasmir/Shimla - II,Medium,7700,8300,8000,16 Feb 2025,Uttar Pradesh
635,Saharanpur,Saharanpur,Apple,Kasmir/Shimla - II,Medium,7700,8300,8000,17 Feb 2025,Uttar Pradesh
636,Saharanpur,Saharanpur,Apple,Kasmir/Shimla - II,Medium,7800,8600,8200,18 Feb 2025,Uttar Pradesh
637,Saharanpur,Saharanpur,Apple,Kasmir/Shimla - II,Medium,7800,8600,8200,19 Feb 2025,Uttar Pradesh
638,Saharanpur,Saharanpur,Apple,Kasmir/Shimla - II,Medium,7800,8600,8200,20 Feb 2025,Uttar Pradesh
639,Siddharth Nagar,Sahiyapur,Apple,Delicious,Medium,6500,6600,6510,20 Feb 2025,Uttar Pradesh
640,Siddharth Nagar,Sahiyapur,Apple,Delicious,Medium,6500,6610,6600,19 Feb 2025,Uttar Pradesh
641,Siddharth Nagar,Sahiyapur,Apple,Delicious,Medium,6500,6650,6510,14 Feb 2025,Uttar Pradesh
642,Siddharth Nagar,Sahiyapur,Apple,Delicious,Medium,6500,6680,6650,17 Feb 2025,Uttar Pradesh
643,Siddharth Nagar,Sahiyapur,Apple,Delicious,Medium,6500,6750,6650,18 Feb 2025,Uttar Pradesh
644,Sambhal,Sambhal,Apple,Delicious,Medium,7500,8500,8000,17 Feb 2025,Uttar Pradesh
645,Sambhal,Sambhal,Apple,Delicious,Medium,8000,9000,8500,15 Feb 2025,Uttar Pradesh
646,Sambhal,Sambhal,Apple,Delicious,Medium,8000,9000,8500,16 Feb 2025,Uttar Pradesh
647,Sambhal,Sambhal,Apple,Delicious,Medium,8000,9000,8500,19 Feb 2025,Uttar Pradesh
648,Sambhal,Sambhal,Apple,Delicious,Medium,8500,9150,9000,14 Feb 2025,Uttar Pradesh
649,Sambhal,Sambhal,Apple,Delicious,Medium,8500,9500,9000,18 Feb 2025,Uttar Pradesh
650,Sambhal,Sambhal,Apple,Delicious,Medium,8500,9500,9000,20 Feb 2025,Uttar Pradesh
651,Hardoi,Sandi,Apple,American,Medium,7800,7900,7850,15 Feb 2025,Uttar Pradesh
652,Hardoi,Sandi,Apple,American,Medium,7800,7950,7850,18 Feb 2025,Uttar Pradesh
653,Hardoi,Sandi,Apple,American,Medium,7800,7950,7850,20 Feb 2025,Uttar Pradesh
654,Hardoi,Sandi,Apple,American,Medium,7800,7950,7860,19 Feb 2025,Uttar Pradesh
655,Hardoi,Sandi,Apple,American,Medium,7800,7950,7870,14 Feb 2025,Uttar Pradesh
656,Hardoi,Sandi,Apple,American,Medium,7800,7950,7870,17 Feb 2025,Uttar Pradesh
657,Hardoi,Sandila,Apple,Kasmir/Shimla - II,Medium,7800,7900,7850,15 Feb 2025,Uttar Pradesh
658,Hardoi,Sandila,Apple,Kasmir/Shimla - II,Medium,7810,7900,7860,14 Feb 2025,Uttar Pradesh
659,Hardoi,Sandila,Apple,Kasmir/Shimla - II,Medium,7820,7900,7860,20 Feb 2025,Uttar Pradesh
660,Hardoi,Sandila,Apple,Kasmir/Shimla - II,Medium,7830,7910,7870,16 Feb 2025,Uttar Pradesh
661,Hardoi,Sandila,Apple,Kasmir/Shimla - II,Medium,7830,7920,7870,18 Feb 2025,Uttar Pradesh
662,Hardoi,Sandila,Apple,Kasmir/Shimla - II,Medium,7850,7950,7900,17 Feb 2025,Uttar Pradesh
663,Badaun,Shahaswan,Apple,Other,Medium,6800,7200,7000,15 Feb 2025,Uttar Pradesh
664,Badaun,Shahaswan,Apple,Other,Medium,6800,7200,7000,16 Feb 2025,Uttar Pradesh
665,Badaun,Shahaswan,Apple,Other,Medium,6800,7200,7000,17 Feb 2025,Uttar Pradesh
666,Badaun,Shahaswan,Apple,Other,Medium,6800,7200,7000,18 Feb 2025,Uttar Pradesh
667,Badaun,Shahaswan,Apple,Other,Medium,6800,7200,7000,20 Feb 2025,Uttar Pradesh
668,Jaunpur,Shahganj,Apple,Delicious,Medium,8200,8400,8300,14 Feb 2025,Uttar Pradesh
669,Jaunpur,Shahganj,Apple,Delicious,Medium,8200,8400,8300,17 Feb 2025,Uttar Pradesh
670,Jaunpur,Shahganj,Apple,Delicious,Medium,8200,8400,8300,19 Feb 2025,Uttar Pradesh
671,Jaunpur,Shahganj,Apple,Delicious,Medium,8250,8400,8310,18 Feb 2025,Uttar Pradesh
672,Jaunpur,Shahganj,Apple,Delicious,Medium,8250,8400,8310,20 Feb 2025,Uttar Pradesh
673,Shahjahanpur,Shahjahanpur,Apple,Simla,Medium,7460,7600,7525,14 Feb 2025,Uttar Pradesh
674,Shahjahanpur,Shahjahanpur,Apple,Simla,Medium,7460,7600,7530,15 Feb 2025,Uttar Pradesh
675,Shahjahanpur,Shahjahanpur,Apple,Simla,Medium,7460,7600,7535,17 Feb 2025,Uttar Pradesh
676,Shahjahanpur,Shahjahanpur,Apple,Simla,Medium,7600,8000,7800,18 Feb 2025,Uttar Pradesh
677,Shahjahanpur,Shahjahanpur,Apple,Simla,Medium,7750,7870,7810,19 Feb 2025,Uttar Pradesh
678,Shahjahanpur,Shahjahanpur,Apple,Simla,Medium,7760,7900,7815,20 Feb 2025,Uttar Pradesh
679,Shamli,Shamli,Apple,Delicious,Medium,7800,8000,7900,14 Feb 2025,Uttar Pradesh
680,Shamli,Shamli,Apple,Delicious,Medium,7800,8000,7900,15 Feb 2025,Uttar Pradesh
681,Shamli,Shamli,Apple,Delicious,Medium,7940,8060,8000,18 Feb 2025,Uttar Pradesh
682,Shamli,Shamli,Apple,Delicious,Medium,7950,8050,8000,16 Feb 2025,Uttar Pradesh
683,Shamli,Shamli,Apple,Delicious,Medium,7950,8050,8000,17 Feb 2025,Uttar Pradesh
684,Shamli,Shamli,Apple,Delicious,Medium,8050,8150,8100,19 Feb 2025,Uttar Pradesh
685,Shamli,Shamli,Apple,Delicious,Medium,8050,8150,8100,20 Feb 2025,Uttar Pradesh
686,Bulandshahar,Sikanderabad,Apple,Apple,Medium,6000,7000,6500,20 Feb 2025,Uttar Pradesh
687,Sitapur,Sitapur,Apple,Kasmir/Shimla - II,Medium,7650,8000,7840,14 Feb 2025,Uttar Pradesh
688,Sitapur,Sitapur,Apple,Kasmir/Shimla - II,Medium,7650,8000,7850,16 Feb 2025,Uttar Pradesh
689,Sitapur,Sitapur,Apple,Kasmir/Shimla - II,Medium,7650,8000,7850,20 Feb 2025,Uttar Pradesh
690,Sitapur,Sitapur,Apple,Kasmir/Shimla - II,Medium,7650,8000,7855,17 Feb 2025,Uttar Pradesh
691,Sitapur,Sitapur,Apple,Kasmir/Shimla - II,Medium,7650,8000,7860,15 Feb 2025,Uttar Pradesh
692,Sitapur,Sitapur,Apple,Kasmir/Shimla - II,Medium,7650,8000,7860,18 Feb 2025,Uttar Pradesh
693,Sitapur,Sitapur,Apple,Kasmir/Shimla - II,Medium,7650,8000,7860,19 Feb 2025,Uttar Pradesh
694,Bulandshahar,Siyana,Apple,Red  Gold,Medium,4200,4400,4300,14 Feb 2025,Uttar Pradesh
695,Bulandshahar,Siyana,Apple,Red  Gold,Medium,4200,4400,4300,15 Feb 2025,Uttar Pradesh
696,Bulandshahar,Siyana,Apple,Red  Gold,Medium,4200,4400,4300,16 Feb 2025,Uttar Pradesh
697,Bulandshahar,Siyana,Apple,Red  Gold,Medium,4200,4400,4300,17 Feb 2025,Uttar Pradesh
698,Bulandshahar,Siyana,Apple,Red  Gold,Medium,4200,4400,4300,18 Feb 2025,Uttar Pradesh
699,Bulandshahar,Siyana,Apple,Red  Gold,Medium,4200,4400,4300,19 Feb 2025,Uttar Pradesh
700,Bulandshahar,Siyana,Apple,Red  Gold,Medium,4200,4400,4300,20 Feb 2025,Uttar Pradesh
701,Amethi,Sultanpur,Apple,Delicious,Medium,8000,8250,8125,19 Feb 2025,Uttar Pradesh
702,Amethi,Sultanpur,Apple,Delicious,Medium,8050,8200,8100,14 Feb 2025,Uttar Pradesh
703,Amethi,Sultanpur,Apple,Delicious,Medium,8050,8300,8125,20 Feb 2025,Uttar Pradesh
704,Amethi,Sultanpur,Apple,Delicious,Medium,8055,8200,8100,15 Feb 2025,Uttar Pradesh
705,Amethi,Sultanpur,Apple,Delicious,Medium,8055,8200,8100,17 Feb 2025,Uttar Pradesh
706,Amethi,Sultanpur,Apple,Delicious,Medium,8055,8200,8100,18 Feb 2025,Uttar Pradesh
707,Kushinagar,Tamkuhi road,Apple,Delicious,Medium,7500,7600,7550,20 Feb 2025,Uttar Pradesh
708,Khiri (Lakhimpur),Tikonia,Apple,Delicious,Medium,7760,7880,7790,15 Feb 2025,Uttar Pradesh
709,Khiri (Lakhimpur),Tikonia,Apple,Delicious,Medium,7780,7890,7830,14 Feb 2025,Uttar Pradesh
710,Khiri (Lakhimpur),Tikonia,Apple,Delicious,Medium,7820,7880,7840,17 Feb 2025,Uttar Pradesh
711,Shahjahanpur,Tilhar,Apple,Delicious,Medium,7600,7730,7670,14 Feb 2025,Uttar Pradesh
712,Shahjahanpur,Tilhar,Apple,Delicious,Medium,7620,7720,7670,18 Feb 2025,Uttar Pradesh
713,Shahjahanpur,Tilhar,Apple,Delicious,Medium,7630,7730,7680,19 Feb 2025,Uttar Pradesh
714,Shahjahanpur,Tilhar,Apple,Delicious,Medium,7635,7735,7685,16 Feb 2025,Uttar Pradesh
715,Shahjahanpur,Tilhar,Apple,Delicious,Medium,7640,7740,7690,15 Feb 2025,Uttar Pradesh
716,Shahjahanpur,Tilhar,Apple,Delicious,Medium,7640,7740,7695,17 Feb 2025,Uttar Pradesh
717,Shahjahanpur,Tilhar,Apple,Delicious,Medium,7810,7910,7860,20 Feb 2025,Uttar Pradesh
718,Balrampur,Tulsipur,Apple,Kasmir/Shimla - II,Medium,8400,8450,8425,17 Feb 2025,Uttar Pradesh
719,Balrampur,Tulsipur,Apple,Kasmir/Shimla - II,Medium,8400,8450,8430,20 Feb 2025,Uttar Pradesh
720,Balrampur,Tulsipur,Apple,Kasmir/Shimla - II,Medium,8400,8480,8440,15 Feb 2025,Uttar Pradesh
721,Balrampur,Tulsipur,Apple,Kasmir/Shimla - II,Medium,8400,8520,8450,14 Feb 2025,Uttar Pradesh
722,Balrampur,Tulsipur,Apple,Kasmir/Shimla - II,Medium,8420,8470,8440,18 Feb 2025,Uttar Pradesh
723,Balrampur,Tulsipur,Apple,Kasmir/Shimla - II,Medium,8420,8470,8440,19 Feb 2025,Uttar Pradesh
724,Balrampur,Tulsipur,Apple,Kasmir/Shimla - II,Medium,8420,8500,8450,16 Feb 2025,Uttar Pradesh
725,Firozabad,Tundla,Apple,Apple,Medium,7900,8125,8100,17 Feb 2025,Uttar Pradesh
726,Firozabad,Tundla,Apple,Apple,Medium,8050,8125,8100,18 Feb 2025,Uttar Pradesh
727,Firozabad,Tundla,Apple,Apple,Medium,8050,8150,8100,14 Feb 2025,Uttar Pradesh
728,Firozabad,Tundla,Apple,Apple,Medium,8050,8150,8100,15 Feb 2025,Uttar Pradesh
729,Badaun,Ujhani,Apple,Apple,Medium,7700,7750,7725,15 Feb 2025,Uttar Pradesh
730,Badaun,Ujhani,Apple,Apple,Medium,7750,7850,7800,19 Feb 2025,Uttar Pradesh
731,Unnao,Unnao,Apple,Kasmir/Shimla - II,Medium,7800,8000,7900,14 Feb 2025,Uttar Pradesh
732,Unnao,Unnao,Apple,Kasmir/Shimla - II,Medium,7800,8000,7900,15 Feb 2025,Uttar Pradesh
733,Unnao,Unnao,Apple,Kasmir/Shimla - II,Medium,7875,8000,7915,16 Feb 2025,Uttar Pradesh
734,Unnao,Unnao,Apple,Kasmir/Shimla - II,Medium,7875,8000,7925,17 Feb 2025,Uttar Pradesh
735,Unnao,Unnao,Apple,Kasmir/Shimla - II,Medium,7875,8000,7925,18 Feb 2025,Uttar Pradesh
736,Kanpur,Uttaripura,Apple,Delicious,Medium,7660,7860,7760,17 Feb 2025,Uttar Pradesh
737,Kanpur,Uttaripura,Apple,Delicious,Medium,7685,8885,7785,14 Feb 2025,Uttar Pradesh
738,Kanpur,Uttaripura,Apple,Delicious,Medium,7700,7900,7800,15 Feb 2025,Uttar Pradesh
739,Kanpur,Uttaripura,Apple,Delicious,Medium,7700,7900,7800,18 Feb 2025,Uttar Pradesh
740,Kanpur,Uttaripura,Apple,Delicious,Medium,7725,7925,7825,19 Feb 2025,Uttar Pradesh
741,Kanpur,Uttaripura,Apple,Delicious,Medium,7750,7950,7850,20 Feb 2025,Uttar Pradesh
742,Varanasi,Varanasi,Apple,Delicious,Medium,8245,8475,8350,14 Feb 2025,Uttar Pradesh
743,Varanasi,Varanasi,Apple,Delicious,Medium,8250,8450,8365,15 Feb 2025,Uttar Pradesh
744,Varanasi,Varanasi,Apple,Delicious,Medium,8250,8475,8370,16 Feb 2025,Uttar Pradesh
745,Varanasi,Varanasi,Apple,Delicious,Medium,8265,8475,8380,20 Feb 2025,Uttar Pradesh
746,Varanasi,Varanasi,Apple,Delicious,Medium,8300,8450,8380,19 Feb 2025,Uttar Pradesh
747,Varanasi,Varanasi,Apple,Delicious,Medium,8300,8475,8385,17 Feb 2025,Uttar Pradesh
748,Kanpur,Varipaal,Apple,Apple,Medium,4000,4500,4200,15 Feb 2025,Uttar Pradesh
749,Kanpur,Varipaal,Apple,Apple,Medium,4000,5000,4500,18 Feb 2025,Uttar Pradesh
750,Ballia,Vilthararoad,Apple,Apple,Medium,8600,8800,8700,15 Feb 2025,Uttar Pradesh
751,Ballia,Vilthararoad,Apple,Apple,Medium,8600,8800,8700,18 Feb 2025,Uttar Pradesh
752,Ballia,Vilthararoad,Apple,Apple,Medium,8700,8800,8750,14 Feb 2025,Uttar Pradesh
753,Ballia,Vilthararoad,Apple,Apple,Medium,8700,8800,8750,17 Feb 2025,Uttar Pradesh
754,Ballia,Vilthararoad,Apple,Apple,Medium,8700,8800,8750,19 Feb 2025,Uttar Pradesh
755,Pillibhit,Vishalpur,Apple,Delicious,Medium,7670,7730,7700,14 Feb 2025,Uttar Pradesh
756,Pillibhit,Vishalpur,Apple,Delicious,Medium,7700,7800,7750,17 Feb 2025,Uttar Pradesh
757,Pillibhit,Vishalpur,Apple,Delicious,Medium,7725,7800,7760,16 Feb 2025,Uttar Pradesh
758,Pillibhit,Vishalpur,Apple,Delicious,Medium,7730,7800,7760,18 Feb 2025,Uttar Pradesh
759,Pillibhit,Vishalpur,Apple,Delicious,Medium,7740,7800,7770,15 Feb 2025,Uttar Pradesh
760,Pillibhit,Vishalpur,Apple,Delicious,Medium,7770,7835,7800,19 Feb 2025,Uttar Pradesh
761,Pillibhit,Vishalpur,Apple,Delicious,Medium,7800,7900,7850,20 Feb 2025,Uttar Pradesh
762,Sitapur,Viswan,Apple,Kasmir/Shimla - II,Medium,7825,7925,7875,20 Feb 2025,Uttar Pradesh
763,Sitapur,Viswan,Apple,Kasmir/Shimla - II,Medium,7830,7930,7880,14 Feb 2025,Uttar Pradesh
764,Sitapur,Viswan,Apple,Kasmir/Shimla - II,Medium,7830,7930,7880,18 Feb 2025,Uttar Pradesh
765,Sitapur,Viswan,Apple,Kasmir/Shimla - II,Medium,7840,7940,7890,19 Feb 2025,Uttar Pradesh
766,Sitapur,Viswan,Apple,Kasmir/Shimla - II,Medium,7850,7950,7900,15 Feb 2025,Uttar Pradesh
767,Sitapur,Viswan,Apple,Kasmir/Shimla - II,Medium,7850,7950,7900,17 Feb 2025,Uttar Pradesh
768,Badaun,Wazirganj,Apple,Delicious,Medium,7650,7800,7700,14 Feb 2025,Uttar Pradesh
1,Kolkata,Mechua,Apple,Apple,Large,12000,13000,12000,14 Feb 2025,West Bengal
2,Kolkata,Mechua,Apple,Apple,Large,12000,13000,12000,15 Feb 2025,West Bengal
3,Kolkata,Mechua,Apple,Apple,Large,12000,13000,12000,16 Feb 2025,West Bengal
4,Kolkata,Mechua,Apple,Apple,Large,12000,13000,12000,17 Feb 2025,West Bengal
5,Kolkata,Mechua,Apple,Apple,Large,12000,13000,12000,18 Feb 2025,West Bengal
6,Kolkata,Mechua,Apple,Apple,Large,12000,13000,12000,19 Feb 2025,West Bengal
7,Kolkata,Mechua,Apple,Apple,Large,12000,13000,12000,20 Feb 2025,West Bengal
8,Kolkata,Mechua,Apple,Apple,Medium,9000,10000,9000,14 Feb 2025,West Bengal
9,Kolkata,Mechua,Apple,Apple,Medium,9000,10000,9000,15 Feb 2025,West Bengal
10,Kolkata,Mechua,Apple,Apple,Medium,9000,10000,9000,16 Feb 2025,West Bengal
11,Kolkata,Mechua,Apple,Apple,Medium,9000,10000,9000,17 Feb 2025,West Bengal
12,Kolkata,Mechua,Apple,Apple,Medium,9000,10000,9000,19 Feb 2025,West Bengal
13,Kolkata,Mechua,Apple,Apple,Medium,9000,10000,9000,20 Feb 2025,West Bengal
14,Kolkata,Mechua,Apple,Apple,Medium,9000,10000,10000,18 Feb 2025,West Bengal
15,Kolkata,Mechua,Apple,Apple,Small,6000,7000,7000,14 Feb 2025,West Bengal
16,Kolkata,Mechua,Apple,Apple,Small,6000,7000,7000,15 Feb 2025,West Bengal
17,Kolkata,Mechua,Apple,Apple,Small,6000,7000,7000,16 Feb 2025,West Bengal
18,Kolkata,Mechua,Apple,Apple,Small,6000,7000,7000,17 Feb 2025,West Bengal
19,Kolkata,Mechua,Apple,Apple,Small,6000,7000,7000,18 Feb 2025,West Bengal
20,Kolkata,Mechua,Apple,Apple,Small,6000,7000,7000,19 Feb 2025,West Bengal
21,Kolkata,Mechua,Apple,Other,Large,6000,7000,7000,20 Feb 2025,West Bengal
1,Jammu,Akhnoor,Apple,Delicious,Medium,8400,10800,9600,19 Feb 2025,Jammu and Kashmir
2,Jammu,Akhnoor,Apple,Delicious,Medium,8500,10500,9500,14 Feb 2025,Jammu and Kashmir
3,Jammu,Akhnoor,Apple,Delicious,Medium,8500,10500,9500,17 Feb 2025,Jammu and Kashmir
4,Jammu,Akhnoor,Apple,Delicious,Medium,8500,10500,9500,18 Feb 2025,Jammu and Kashmir
5,Jammu,Akhnoor,Apple,Delicious,Medium,8700,10700,9700,15 Feb 2025,Jammu and Kashmir
6,Jammu,Batote,Apple,Other,Medium,8000,10000,9000,15 Feb 2025,Jammu and Kashmir
7,Jammu,Batote,Apple,Other,Medium,8000,10000,9000,19 Feb 2025,Jammu and Kashmir
8,Jammu,Batote,Apple,Other,Medium,8000,10000,9000,20 Feb 2025,Jammu and Kashmir
9,Jammu,Batote,Apple,Other,Medium,9000,11000,10000,14 Feb 2025,Jammu and Kashmir
10,Jammu,Batote,Apple,Other,Medium,9000,11000,10000,18 Feb 2025,Jammu and Kashmir
11,Kathua,Kathua,Apple,Delicious,Medium,8000,12000,10000,14 Feb 2025,Jammu and Kashmir
12,Kathua,Kathua,Apple,Delicious,Medium,8000,12000,10000,15 Feb 2025,Jammu and Kashmir
13,Kathua,Kathua,Apple,Delicious,Medium,8000,12000,10000,17 Feb 2025,Jammu and Kashmir
14,Kathua,Kathua,Apple,Delicious,Medium,8000,12000,10000,18 Feb 2025,Jammu and Kashmir
15,Kathua,Kathua,Apple,Delicious,Medium,8000,12000,10000,19 Feb 2025,Jammu and Kashmir
16,Kathua,Kathua,Apple,Delicious,Medium,8000,12000,10000,20 Feb 2025,Jammu and Kashmir
17,Kathua,Kathua,Apple,Delicious,Medium,8000,12000,10000,21 Feb 2025,Jammu and Kashmir
18,Jammu,Narwal Jammu (F&V),Apple,Delicious,Medium,7000,13000,10000,14 Feb 2025,Jammu and Kashmir
19,Jammu,Narwal Jammu (F&V),Apple,Delicious,Medium,7000,13000,10000,15 Feb 2025,Jammu and Kashmir
20,Jammu,Narwal Jammu (F&V),Apple,Delicious,Medium,7000,13000,10000,17 Feb 2025,Jammu and Kashmir
21,Jammu,Narwal Jammu (F&V),Apple,Delicious,Medium,7000,13000,10000,18 Feb 2025,Jammu and Kashmir
22,Jammu,Narwal Jammu (F&V),Apple,Delicious,Medium,7000,13000,10000,19 Feb 2025,Jammu and Kashmir
23,Jammu,Narwal Jammu (F&V),Apple,Delicious,Medium,8000,14000,11000,20 Feb 2025,Jammu and Kashmir
24,Srinagar,Parimpore,Apple,Delicious,Large,6500,7500,7000,19 Feb 2025,Jammu and Kashmir
25,Srinagar,Parimpore,Apple,Delicious,Large,6500,7500,7000,20 Feb 2025,Jammu and Kashmir
26,Srinagar,Parimpore,Apple,Delicious,Large,7000,8000,7500,17 Feb 2025,Jammu and Kashmir
27,Srinagar,Parimpore,Apple,Delicious,Large,7500,8500,8000,14 Feb 2025,Jammu and Kashmir
28,Srinagar,Parimpore,Apple,Delicious,Large,8000,9000,8500,15 Feb 2025,Jammu and Kashmir
29,Srinagar,Parimpore,Apple,Delicious,Large,8000,9000,8500,18 Feb 2025,Jammu and Kashmir
30,Udhampur,Udhampur,Apple,Delicious,Medium,8000,12000,10000,14 Feb 2025,Jammu and Kashmir
31,Udhampur,Udhampur,Apple,Delicious,Medium,8000,12000,10000,15 Feb 2025,Jammu and Kashmir
32,Udhampur,Udhampur,Apple,Delicious,Medium,8000,12000,11000,20 Feb 2025,Jammu and Kashmir
33,Udhampur,Udhampur,Apple,Delicious,Medium,8000,14000,11000,18 Feb 2025,Jammu and Kashmir
34,Udhampur,Udhampur,Apple,Delicious,Medium,8000,14000,11000,19 Feb 2025,Jammu and Kashmir
